<?xml version="1.0"?>
<Workbook xmlns="urn:schemas-microsoft-com:office:spreadsheet"
 xmlns:o="urn:schemas-microsoft-com:office:office"
 xmlns:x="urn:schemas-microsoft-com:office:excel"
 xmlns:ss="urn:schemas-microsoft-com:office:spreadsheet"
 xmlns:html="http://www.w3.org/TR/REC-html40">
 <DocumentProperties xmlns="urn:schemas-microsoft-com:office:office">
  <Author>Anthony Nuval</Author>
  <LastAuthor>Anthony Nuval</LastAuthor>
  <Created>2012-09-05T16:32:56Z</Created>
  <LastSaved>2012-09-05T18:46:19Z</LastSaved>
  <Version>14.0</Version>
 </DocumentProperties>
 <OfficeDocumentSettings xmlns="urn:schemas-microsoft-com:office:office">
  <AllowPNG/>
 </OfficeDocumentSettings>
 <ExcelWorkbook xmlns="urn:schemas-microsoft-com:office:excel">
  <WindowHeight>11800</WindowHeight>
  <WindowWidth>25520</WindowWidth>
  <WindowTopX>0</WindowTopX>
  <WindowTopY>0</WindowTopY>
  <Date1904/>
  <ProtectStructure>False</ProtectStructure>
  <ProtectWindows>False</ProtectWindows>
 </ExcelWorkbook>
 <Styles>
  <Style ss:ID="Default" ss:Name="Normal">
   <Alignment ss:Vertical="Bottom"/>
   <Borders/>
   <Font ss:FontName="Calibri" x:Family="Swiss" ss:Size="12" ss:Color="#000000"/>
   <Interior/>
   <NumberFormat/>
   <Protection/>
  </Style>
 </Styles>
 <Worksheet ss:Name="Ra answer_keys.csv">
  <Names>
   <NamedRange ss:Name="_FilterDatabase"
    ss:RefersTo="='Ra answer_keys.csv'!R2C1:R44C13" ss:Hidden="1"/>
  </Names>
  <Table ss:ExpandedColumnCount="13" ss:ExpandedRowCount="44" x:FullColumns="1"
   x:FullRows="1" ss:DefaultColumnWidth="65" ss:DefaultRowHeight="15">
   <Column ss:Width="156"/>
   <Row>
    <Cell ss:Index="2"><Data ss:Type="String">0=DR 1=RR 2=SS</Data></Cell>
    <Cell ss:Index="7"><Data ss:Type="String">0= nc</Data></Cell>
    <Cell><Data ss:Type="String">1= dwn</Data></Cell>
    <Cell><Data ss:Type="String">2= up</Data></Cell>
    <Cell><Data ss:Type="String">3= NOT nc</Data></Cell>
    <Cell><Data ss:Type="String">4= NOT dwn</Data></Cell>
    <Cell><Data ss:Type="String">5= NOT up</Data></Cell>
   </Row>
   <Row>
    <Cell><Data ss:Type="String">Category</Data><NamedCell
      ss:Name="_FilterDatabase"/></Cell>
    <Cell><Data ss:Type="String">Column</Data><NamedCell ss:Name="_FilterDatabase"/></Cell>
    <Cell><Data ss:Type="String">Comment</Data><NamedCell ss:Name="_FilterDatabase"/></Cell>
    <Cell><Data ss:Type="String">Correct</Data><NamedCell ss:Name="_FilterDatabase"/></Cell>
    <Cell><Data ss:Type="String">Match</Data><NamedCell ss:Name="_FilterDatabase"/></Cell>
    <Cell><Data ss:Type="String">Highlights</Data><NamedCell
      ss:Name="_FilterDatabase"/></Cell>
    <Cell><Data ss:Type="String">IS</Data><NamedCell ss:Name="_FilterDatabase"/></Cell>
    <Cell><Data ss:Type="String">CVP</Data><NamedCell ss:Name="_FilterDatabase"/></Cell>
    <Cell><Data ss:Type="String">SV</Data><NamedCell ss:Name="_FilterDatabase"/></Cell>
    <Cell><Data ss:Type="String">HR</Data><NamedCell ss:Name="_FilterDatabase"/></Cell>
    <Cell><Data ss:Type="String">CO</Data><NamedCell ss:Name="_FilterDatabase"/></Cell>
    <Cell><Data ss:Type="String">Ra</Data><NamedCell ss:Name="_FilterDatabase"/></Cell>
    <Cell><Data ss:Type="String">MAP</Data><NamedCell ss:Name="_FilterDatabase"/></Cell>
   </Row>
   <Row ss:Hidden="1">
    <Cell><Data ss:Type="String">Neural variables</Data><NamedCell
      ss:Name="_FilterDatabase"/></Cell>
    <Cell><Data ss:Type="Number">0</Data><NamedCell ss:Name="_FilterDatabase"/></Cell>
    <Cell><Data ss:Type="String">Right!  IS and HR are both controlled by the nervous system (theyêre neural variables).  By definition, the DR interval occurs BEFORE any changes in neural firing occurs.  So, there are no changes to these two variables.</Data><NamedCell
      ss:Name="_FilterDatabase"/></Cell>
    <Cell><Data ss:Type="String">Yes</Data><NamedCell ss:Name="_FilterDatabase"/></Cell>
    <Cell><Data ss:Type="String">All</Data><NamedCell ss:Name="_FilterDatabase"/></Cell>
    <Cell><Data ss:Type="String">0,3</Data><NamedCell ss:Name="_FilterDatabase"/></Cell>
    <Cell><Data ss:Type="Number">0</Data><NamedCell ss:Name="_FilterDatabase"/></Cell>
    <Cell ss:Index="10"><Data ss:Type="Number">0</Data><NamedCell
      ss:Name="_FilterDatabase"/></Cell>
   </Row>
   <Row>
    <Cell><Data ss:Type="String">Neural variables</Data><NamedCell
      ss:Name="_FilterDatabase"/></Cell>
    <Cell><Data ss:Type="Number">0</Data><NamedCell ss:Name="_FilterDatabase"/></Cell>
    <Cell><Data ss:Type="String">No, IS and HR are physiologically determined by neural inputs.  Since DR is the interval before there are any changing in the neural signals, there can be no change in IS</Data><NamedCell
      ss:Name="_FilterDatabase"/></Cell>
    <Cell><Data ss:Type="String">No</Data><NamedCell ss:Name="_FilterDatabase"/></Cell>
    <Cell><Data ss:Type="String">Any</Data><NamedCell ss:Name="_FilterDatabase"/></Cell>
    <Cell><Data ss:Type="String">0,3</Data><NamedCell ss:Name="_FilterDatabase"/></Cell>
    <Cell><Data ss:Type="Number">3</Data><NamedCell ss:Name="_FilterDatabase"/></Cell>
    <Cell ss:Index="10"><Data ss:Type="Number">0</Data><NamedCell
      ss:Name="_FilterDatabase"/></Cell>
   </Row>
   <Row>
    <Cell><Data ss:Type="String">Neural variables</Data><NamedCell
      ss:Name="_FilterDatabase"/></Cell>
    <Cell><Data ss:Type="Number">0</Data><NamedCell ss:Name="_FilterDatabase"/></Cell>
    <Cell><Data ss:Type="String">No, IS and HR are physiologically determined by neural inputs.  Since DR is the interval before there are any changing in the neural signals, there can be no change in HR.</Data><NamedCell
      ss:Name="_FilterDatabase"/></Cell>
    <Cell><Data ss:Type="String">No</Data><NamedCell ss:Name="_FilterDatabase"/></Cell>
    <Cell><Data ss:Type="String">Any</Data><NamedCell ss:Name="_FilterDatabase"/></Cell>
    <Cell><Data ss:Type="String">0,3</Data><NamedCell ss:Name="_FilterDatabase"/></Cell>
    <Cell><Data ss:Type="Number">0</Data><NamedCell ss:Name="_FilterDatabase"/></Cell>
    <Cell ss:Index="10"><Data ss:Type="Number">3</Data><NamedCell
      ss:Name="_FilterDatabase"/></Cell>
   </Row>
   <Row>
    <Cell><Data ss:Type="String">Neural variables</Data><NamedCell
      ss:Name="_FilterDatabase"/></Cell>
    <Cell><Data ss:Type="Number">0</Data><NamedCell ss:Name="_FilterDatabase"/></Cell>
    <Cell><Data ss:Type="String">No!  IS and HR are both controlled by the nervous system (theyêre neural variables).  By definition, the DR interval occurs BEFORE any changes in neural firing occurs.  So, there are no changes to these two variables.</Data><NamedCell
      ss:Name="_FilterDatabase"/></Cell>
    <Cell><Data ss:Type="String">No</Data><NamedCell ss:Name="_FilterDatabase"/></Cell>
    <Cell><Data ss:Type="String">Any</Data><NamedCell ss:Name="_FilterDatabase"/></Cell>
    <Cell><Data ss:Type="String">0,3</Data><NamedCell ss:Name="_FilterDatabase"/></Cell>
    <Cell><Data ss:Type="Number">3</Data><NamedCell ss:Name="_FilterDatabase"/></Cell>
    <Cell ss:Index="10"><Data ss:Type="Number">3</Data><NamedCell
      ss:Name="_FilterDatabase"/></Cell>
   </Row>
   <Row ss:Hidden="1">
    <Cell><Data ss:Type="String">MAP=COxRa</Data><NamedCell
      ss:Name="_FilterDatabase"/></Cell>
    <Cell><Data ss:Type="Number">0</Data><NamedCell ss:Name="_FilterDatabase"/></Cell>
    <Cell><Data ss:Type="String">Correct.  With Ra reduced to 50% of its normal value MAP must also fall.</Data><NamedCell
      ss:Name="_FilterDatabase"/></Cell>
    <Cell><Data ss:Type="String">Yes</Data><NamedCell ss:Name="_FilterDatabase"/></Cell>
    <Cell><Data ss:Type="String">All</Data><NamedCell ss:Name="_FilterDatabase"/></Cell>
    <Cell><Data ss:Type="String">5,6</Data><NamedCell ss:Name="_FilterDatabase"/></Cell>
    <Cell ss:Index="12"><Data ss:Type="Number">1</Data><NamedCell
      ss:Name="_FilterDatabase"/></Cell>
    <Cell><Data ss:Type="Number">1</Data><NamedCell ss:Name="_FilterDatabase"/></Cell>
   </Row>
   <Row>
    <Cell><Data ss:Type="String">MAP=COxRa</Data><NamedCell
      ss:Name="_FilterDatabase"/></Cell>
    <Cell><Data ss:Type="Number">0</Data><NamedCell ss:Name="_FilterDatabase"/></Cell>
    <Cell><Data ss:Type="String">No, with Ra reduced to 50% of its normal value MAP also fall.  The relationship involved here is MAP = CO x TPR. Ra is the largest component of TPR and thus with TPR down and CO unchanged MAP must fall.</Data><NamedCell
      ss:Name="_FilterDatabase"/></Cell>
    <Cell><Data ss:Type="String">No</Data><NamedCell ss:Name="_FilterDatabase"/></Cell>
    <Cell><Data ss:Type="String">Any</Data><NamedCell ss:Name="_FilterDatabase"/></Cell>
    <Cell><Data ss:Type="String">5,6</Data><NamedCell ss:Name="_FilterDatabase"/></Cell>
    <Cell ss:Index="12"><Data ss:Type="Number">1</Data><NamedCell
      ss:Name="_FilterDatabase"/></Cell>
    <Cell><Data ss:Type="Number">4</Data><NamedCell ss:Name="_FilterDatabase"/></Cell>
   </Row>
   <Row ss:Hidden="1">
    <Cell><Data ss:Type="String">SV=1/MAP (inverse; afterload)</Data><NamedCell
      ss:Name="_FilterDatabase"/></Cell>
    <Cell><Data ss:Type="Number">0</Data><NamedCell ss:Name="_FilterDatabase"/></Cell>
    <Cell><Data ss:Type="String">Right.  MAP is the pressure against which the left ventricle must eject blood.  MAP is the afterload on the heart.  The fall in MAP that occurs reduces the afterload and results in an (admittedly small) increase in SV.</Data><NamedCell
      ss:Name="_FilterDatabase"/></Cell>
    <Cell><Data ss:Type="String">Yes</Data><NamedCell ss:Name="_FilterDatabase"/></Cell>
    <Cell><Data ss:Type="String">All</Data><NamedCell ss:Name="_FilterDatabase"/></Cell>
    <Cell><Data ss:Type="String">2,6</Data><NamedCell ss:Name="_FilterDatabase"/></Cell>
    <Cell ss:Index="9"><Data ss:Type="Number">2</Data><NamedCell
      ss:Name="_FilterDatabase"/></Cell>
    <Cell ss:Index="13"><Data ss:Type="Number">1</Data><NamedCell
      ss:Name="_FilterDatabase"/></Cell>
   </Row>
   <Row>
    <Cell><Data ss:Type="String">SV=1/MAP (inverse; afterload)</Data><NamedCell
      ss:Name="_FilterDatabase"/></Cell>
    <Cell><Data ss:Type="Number">0</Data><NamedCell ss:Name="_FilterDatabase"/></Cell>
    <Cell><Data ss:Type="String">No, MAP is the pressure against which the left ventricle must eject blood.  MAP is the afterload on the heart.  The fall in MAP that occurs reduces the afterload and results in an (admittedly small) increase in SV.</Data><NamedCell
      ss:Name="_FilterDatabase"/></Cell>
    <Cell><Data ss:Type="String">No</Data><NamedCell ss:Name="_FilterDatabase"/></Cell>
    <Cell><Data ss:Type="String">Any</Data><NamedCell ss:Name="_FilterDatabase"/></Cell>
    <Cell><Data ss:Type="String">2,6</Data><NamedCell ss:Name="_FilterDatabase"/></Cell>
    <Cell ss:Index="9"><Data ss:Type="Number">5</Data><NamedCell
      ss:Name="_FilterDatabase"/></Cell>
    <Cell ss:Index="13"><Data ss:Type="Number">1</Data><NamedCell
      ss:Name="_FilterDatabase"/></Cell>
   </Row>
   <Row ss:Hidden="1">
    <Cell><Data ss:Type="String">CO=SVxHR</Data><NamedCell
      ss:Name="_FilterDatabase"/></Cell>
    <Cell><Data ss:Type="Number">0</Data><NamedCell ss:Name="_FilterDatabase"/></Cell>
    <Cell><Data ss:Type="String">OK, with SV increased and HR unchanged CO must increase.  Remember, CO = SV x HR.</Data><NamedCell
      ss:Name="_FilterDatabase"/></Cell>
    <Cell><Data ss:Type="String">Yes</Data><NamedCell ss:Name="_FilterDatabase"/></Cell>
    <Cell><Data ss:Type="String">All</Data><NamedCell ss:Name="_FilterDatabase"/></Cell>
    <Cell><Data ss:Type="String">2,4</Data><NamedCell ss:Name="_FilterDatabase"/></Cell>
    <Cell ss:Index="9"><Data ss:Type="Number">2</Data><NamedCell
      ss:Name="_FilterDatabase"/></Cell>
    <Cell ss:Index="11"><Data ss:Type="Number">2</Data><NamedCell
      ss:Name="_FilterDatabase"/></Cell>
   </Row>
   <Row>
    <Cell><Data ss:Type="String">CO=SVxHR</Data><NamedCell
      ss:Name="_FilterDatabase"/></Cell>
    <Cell><Data ss:Type="Number">0</Data><NamedCell ss:Name="_FilterDatabase"/></Cell>
    <Cell><Data ss:Type="String">No, with SV increased and HR unchanged CO must increase.  Remember, CO = SV x HR.</Data><NamedCell
      ss:Name="_FilterDatabase"/></Cell>
    <Cell><Data ss:Type="String">No</Data><NamedCell ss:Name="_FilterDatabase"/></Cell>
    <Cell><Data ss:Type="String">Any</Data><NamedCell ss:Name="_FilterDatabase"/></Cell>
    <Cell><Data ss:Type="String">2,4</Data><NamedCell ss:Name="_FilterDatabase"/></Cell>
    <Cell ss:Index="9"><Data ss:Type="Number">2</Data><NamedCell
      ss:Name="_FilterDatabase"/></Cell>
    <Cell ss:Index="11"><Data ss:Type="Number">5</Data><NamedCell
      ss:Name="_FilterDatabase"/></Cell>
   </Row>
   <Row ss:Hidden="1">
    <Cell><Data ss:Type="String">CVP=1/CO (inverse)</Data><NamedCell
      ss:Name="_FilterDatabase"/></Cell>
    <Cell><Data ss:Type="Number">0</Data><NamedCell ss:Name="_FilterDatabase"/></Cell>
    <Cell><Data ss:Type="String">Good.  With CO increased CVP will decrease (when CO changes first, the change in CVP that results in inversely related to the change in CO).</Data><NamedCell
      ss:Name="_FilterDatabase"/></Cell>
    <Cell><Data ss:Type="String">Yes</Data><NamedCell ss:Name="_FilterDatabase"/></Cell>
    <Cell><Data ss:Type="String">All</Data><NamedCell ss:Name="_FilterDatabase"/></Cell>
    <Cell><Data ss:Type="String">1,4</Data><NamedCell ss:Name="_FilterDatabase"/></Cell>
    <Cell ss:Index="8"><Data ss:Type="Number">1</Data><NamedCell
      ss:Name="_FilterDatabase"/></Cell>
    <Cell ss:Index="11"><Data ss:Type="Number">2</Data><NamedCell
      ss:Name="_FilterDatabase"/></Cell>
   </Row>
   <Row>
    <Cell><Data ss:Type="String">CVP=1/CO (inverse)</Data><NamedCell
      ss:Name="_FilterDatabase"/></Cell>
    <Cell><Data ss:Type="Number">0</Data><NamedCell ss:Name="_FilterDatabase"/></Cell>
    <Cell><Data ss:Type="String">No.  When CO increases there is reduction in central blood volume as the flow from the venous compartment to the arterial compartment increases.  As a consequence, the increase in CO causes a decrease in CVP.</Data><NamedCell
      ss:Name="_FilterDatabase"/></Cell>
    <Cell><Data ss:Type="String">No</Data><NamedCell ss:Name="_FilterDatabase"/></Cell>
    <Cell><Data ss:Type="String">Any</Data><NamedCell ss:Name="_FilterDatabase"/></Cell>
    <Cell><Data ss:Type="String">1,4</Data><NamedCell ss:Name="_FilterDatabase"/></Cell>
    <Cell ss:Index="8"><Data ss:Type="Number">0</Data><NamedCell
      ss:Name="_FilterDatabase"/></Cell>
    <Cell ss:Index="11"><Data ss:Type="Number">2</Data><NamedCell
      ss:Name="_FilterDatabase"/></Cell>
   </Row>
   <Row>
    <Cell><Data ss:Type="String">CVP=1/CO (inverse)</Data><NamedCell
      ss:Name="_FilterDatabase"/></Cell>
    <Cell><Data ss:Type="Number">0</Data><NamedCell ss:Name="_FilterDatabase"/></Cell>
    <Cell><Data ss:Type="String">No.  When CO increases there is reduction in central blood volume as the flow from the venous compartment to the arterial compartment increases.  As a consequence, the increase in CO causes a decrease in CVP. The relationship between CO and CVP is a complicated one because everything depends on which variable changes first.  Changes in CVP (pre-load) result in corresponding changes in CO.  However, when CO changes first it causes an inverse changes in CO.</Data><NamedCell
      ss:Name="_FilterDatabase"/></Cell>
    <Cell><Data ss:Type="String">No</Data><NamedCell ss:Name="_FilterDatabase"/></Cell>
    <Cell><Data ss:Type="String">Any</Data><NamedCell ss:Name="_FilterDatabase"/></Cell>
    <Cell><Data ss:Type="String">1,4</Data><NamedCell ss:Name="_FilterDatabase"/></Cell>
    <Cell ss:Index="8"><Data ss:Type="Number">2</Data><NamedCell
      ss:Name="_FilterDatabase"/></Cell>
    <Cell ss:Index="11"><Data ss:Type="Number">2</Data><NamedCell
      ss:Name="_FilterDatabase"/></Cell>
   </Row>
   <Row ss:Hidden="1">
    <Cell><Data ss:Type="String">Neural variables</Data><NamedCell
      ss:Name="_FilterDatabase"/></Cell>
    <Cell><Data ss:Type="Number">1</Data><NamedCell ss:Name="_FilterDatabase"/></Cell>
    <Cell><Data ss:Type="String">Right, the fall in MAP initiates a baroreceptor reflex which increases the neurally controlled variables, IS, HR, and Ra.</Data><NamedCell
      ss:Name="_FilterDatabase"/></Cell>
    <Cell><Data ss:Type="String">Yes</Data><NamedCell ss:Name="_FilterDatabase"/></Cell>
    <Cell><Data ss:Type="String">All</Data><NamedCell ss:Name="_FilterDatabase"/></Cell>
    <Cell><Data ss:Type="String">7,10,12</Data><NamedCell ss:Name="_FilterDatabase"/></Cell>
    <Cell><Data ss:Type="Number">2</Data><NamedCell ss:Name="_FilterDatabase"/></Cell>
    <Cell ss:Index="10"><Data ss:Type="Number">2</Data><NamedCell
      ss:Name="_FilterDatabase"/></Cell>
    <Cell ss:Index="12"><Data ss:Type="Number">2</Data><NamedCell
      ss:Name="_FilterDatabase"/></Cell>
   </Row>
   <Row>
    <Cell><Data ss:Type="String">Neural variables</Data><NamedCell
      ss:Name="_FilterDatabase"/></Cell>
    <Cell><Data ss:Type="Number">1</Data><NamedCell ss:Name="_FilterDatabase"/></Cell>
    <Cell><Data ss:Type="String">No, the fall in MAP initiates a baroreceptor reflex which increases ALL of the neurally controlled variables, IS, HR, and Ra.</Data><NamedCell
      ss:Name="_FilterDatabase"/></Cell>
    <Cell><Data ss:Type="String">no</Data><NamedCell ss:Name="_FilterDatabase"/></Cell>
    <Cell><Data ss:Type="String">Any</Data><NamedCell ss:Name="_FilterDatabase"/></Cell>
    <Cell><Data ss:Type="String">0,3,5</Data><NamedCell ss:Name="_FilterDatabase"/></Cell>
    <Cell><Data ss:Type="Number">5</Data><NamedCell ss:Name="_FilterDatabase"/></Cell>
    <Cell ss:Index="10"><Data ss:Type="Number">5</Data><NamedCell
      ss:Name="_FilterDatabase"/></Cell>
    <Cell ss:Index="12"><Data ss:Type="Number">5</Data><NamedCell
      ss:Name="_FilterDatabase"/></Cell>
   </Row>
   <Row>
    <Cell><Data ss:Type="String">Neural variables</Data><NamedCell
      ss:Name="_FilterDatabase"/></Cell>
    <Cell><Data ss:Type="Number">1</Data><NamedCell ss:Name="_FilterDatabase"/></Cell>
    <Cell><Data ss:Type="String">No, the fall in MAP initiates a baroreceptor reflex that increases all of the neurally controlled variable.  The magnitude of IS is physiologically determined by determined by the firing rate of the cardiac sympathetic fibers so it too increases.</Data><NamedCell
      ss:Name="_FilterDatabase"/></Cell>
    <Cell><Data ss:Type="String">no</Data><NamedCell ss:Name="_FilterDatabase"/></Cell>
    <Cell><Data ss:Type="String">Any</Data><NamedCell ss:Name="_FilterDatabase"/></Cell>
    <Cell><Data ss:Type="String">0,3,5</Data><NamedCell ss:Name="_FilterDatabase"/></Cell>
    <Cell><Data ss:Type="Number">5</Data><NamedCell ss:Name="_FilterDatabase"/></Cell>
    <Cell ss:Index="10"><Data ss:Type="Number">2</Data><NamedCell
      ss:Name="_FilterDatabase"/></Cell>
    <Cell ss:Index="12"><Data ss:Type="Number">2</Data><NamedCell
      ss:Name="_FilterDatabase"/></Cell>
   </Row>
   <Row>
    <Cell><Data ss:Type="String">Neural variables</Data><NamedCell
      ss:Name="_FilterDatabase"/></Cell>
    <Cell><Data ss:Type="Number">1</Data><NamedCell ss:Name="_FilterDatabase"/></Cell>
    <Cell><Data ss:Type="String">No, the fall in MAP initiates a baroreceptor reflex which increases ALL of the neurally controlled variables, IS, HR, and Ra.  HR is deetermined by the balance of ANS inputs to the SA node.  When MAP falls synmpathetic firing increases and parasympathetic firing decreases.  Thus, HR increases.</Data><NamedCell
      ss:Name="_FilterDatabase"/></Cell>
    <Cell><Data ss:Type="String">no</Data><NamedCell ss:Name="_FilterDatabase"/></Cell>
    <Cell><Data ss:Type="String">Any</Data><NamedCell ss:Name="_FilterDatabase"/></Cell>
    <Cell><Data ss:Type="String">0,3,5</Data><NamedCell ss:Name="_FilterDatabase"/></Cell>
    <Cell><Data ss:Type="Number">2</Data><NamedCell ss:Name="_FilterDatabase"/></Cell>
    <Cell ss:Index="10"><Data ss:Type="Number">5</Data><NamedCell
      ss:Name="_FilterDatabase"/></Cell>
    <Cell ss:Index="12"><Data ss:Type="Number">2</Data><NamedCell
      ss:Name="_FilterDatabase"/></Cell>
   </Row>
   <Row>
    <Cell><Data ss:Type="String">Neural variables</Data><NamedCell
      ss:Name="_FilterDatabase"/></Cell>
    <Cell><Data ss:Type="Number">1</Data><NamedCell ss:Name="_FilterDatabase"/></Cell>
    <Cell ss:Index="4"><Data ss:Type="String">no</Data><NamedCell
      ss:Name="_FilterDatabase"/></Cell>
    <Cell><Data ss:Type="String">Any</Data><NamedCell ss:Name="_FilterDatabase"/></Cell>
    <Cell><Data ss:Type="String">0,3,5</Data><NamedCell ss:Name="_FilterDatabase"/></Cell>
    <Cell><Data ss:Type="Number">2</Data><NamedCell ss:Name="_FilterDatabase"/></Cell>
    <Cell ss:Index="10"><Data ss:Type="Number">2</Data><NamedCell
      ss:Name="_FilterDatabase"/></Cell>
    <Cell ss:Index="12"><Data ss:Type="Number">5</Data><NamedCell
      ss:Name="_FilterDatabase"/></Cell>
   </Row>
   <Row>
    <Cell><Data ss:Type="String">Neural variables</Data><NamedCell
      ss:Name="_FilterDatabase"/></Cell>
    <Cell><Data ss:Type="Number">1</Data><NamedCell ss:Name="_FilterDatabase"/></Cell>
    <Cell ss:Index="4"><Data ss:Type="String">no</Data><NamedCell
      ss:Name="_FilterDatabase"/></Cell>
    <Cell><Data ss:Type="String">Any</Data><NamedCell ss:Name="_FilterDatabase"/></Cell>
    <Cell><Data ss:Type="String">0,3,5</Data><NamedCell ss:Name="_FilterDatabase"/></Cell>
   </Row>
   <Row ss:Hidden="1">
    <Cell><Data ss:Type="String">HR to CO</Data><NamedCell
      ss:Name="_FilterDatabase"/></Cell>
    <Cell><Data ss:Type="Number">1</Data><NamedCell ss:Name="_FilterDatabase"/></Cell>
    <Cell><Data ss:Type="String">Correct.  The reflex increase in HR results in an increase in CO.</Data><NamedCell
      ss:Name="_FilterDatabase"/></Cell>
    <Cell><Data ss:Type="String">Yes</Data><NamedCell ss:Name="_FilterDatabase"/></Cell>
    <Cell><Data ss:Type="String">All</Data><NamedCell ss:Name="_FilterDatabase"/></Cell>
    <Cell><Data ss:Type="String">4,5</Data><NamedCell ss:Name="_FilterDatabase"/></Cell>
    <Cell ss:Index="10"><Data ss:Type="Number">2</Data><NamedCell
      ss:Name="_FilterDatabase"/></Cell>
    <Cell><Data ss:Type="Number">2</Data><NamedCell ss:Name="_FilterDatabase"/></Cell>
   </Row>
   <Row>
    <Cell><Data ss:Type="String">HR to CO</Data><NamedCell
      ss:Name="_FilterDatabase"/></Cell>
    <Cell><Data ss:Type="Number">1</Data><NamedCell ss:Name="_FilterDatabase"/></Cell>
    <Cell><Data ss:Type="String">No, the reflex increase in HR causes an increase in CO.</Data><NamedCell
      ss:Name="_FilterDatabase"/></Cell>
    <Cell><Data ss:Type="String">no</Data><NamedCell ss:Name="_FilterDatabase"/></Cell>
    <Cell><Data ss:Type="String">Any</Data><NamedCell ss:Name="_FilterDatabase"/></Cell>
    <Cell><Data ss:Type="String">4,5</Data><NamedCell ss:Name="_FilterDatabase"/></Cell>
    <Cell ss:Index="11"><Data ss:Type="Number">5</Data><NamedCell
      ss:Name="_FilterDatabase"/></Cell>
   </Row>
   <Row ss:Hidden="1">
    <Cell><Data ss:Type="String">CO to CVP</Data><NamedCell
      ss:Name="_FilterDatabase"/></Cell>
    <Cell><Data ss:Type="Number">1</Data><NamedCell ss:Name="_FilterDatabase"/></Cell>
    <Cell><Data ss:Type="String">OK, the increase in CO causes CVP to decrease as more blood is transferred from the venous compartment to the arterial compartment.</Data><NamedCell
      ss:Name="_FilterDatabase"/></Cell>
    <Cell><Data ss:Type="String">yes</Data><NamedCell ss:Name="_FilterDatabase"/></Cell>
    <Cell><Data ss:Type="String">All</Data><NamedCell ss:Name="_FilterDatabase"/></Cell>
    <Cell><Data ss:Type="String">1,5</Data><NamedCell ss:Name="_FilterDatabase"/></Cell>
    <Cell ss:Index="8"><Data ss:Type="Number">1</Data><NamedCell
      ss:Name="_FilterDatabase"/></Cell>
    <Cell ss:Index="11"><Data ss:Type="Number">2</Data><NamedCell
      ss:Name="_FilterDatabase"/></Cell>
   </Row>
   <Row>
    <Cell><Data ss:Type="String">CO to CVP</Data><NamedCell
      ss:Name="_FilterDatabase"/></Cell>
    <Cell><Data ss:Type="Number">1</Data><NamedCell ss:Name="_FilterDatabase"/></Cell>
    <Cell><Data ss:Type="String">No, the increase in CO causes a decrease in CVP.  When CO changes –first” it causes an opposite change in CVP.  (When CVP changes first, when preload changes, it causes the same change in CO.)</Data><NamedCell
      ss:Name="_FilterDatabase"/></Cell>
    <Cell><Data ss:Type="String">no</Data><NamedCell ss:Name="_FilterDatabase"/></Cell>
    <Cell><Data ss:Type="String">Any</Data><NamedCell ss:Name="_FilterDatabase"/></Cell>
    <Cell><Data ss:Type="String">1,5</Data><NamedCell ss:Name="_FilterDatabase"/></Cell>
    <Cell ss:Index="8"><Data ss:Type="Number">2</Data><NamedCell
      ss:Name="_FilterDatabase"/></Cell>
   </Row>
   <Row>
    <Cell><Data ss:Type="String">CO to CVP</Data><NamedCell
      ss:Name="_FilterDatabase"/></Cell>
    <Cell><Data ss:Type="Number">1</Data><NamedCell ss:Name="_FilterDatabase"/></Cell>
    <Cell><Data ss:Type="String">No, one of the determinants of CVP is CO (the rate at which blood is pumped out of the venous compartment).  So when CO increases there is a decrease in CVP.</Data><NamedCell
      ss:Name="_FilterDatabase"/></Cell>
    <Cell><Data ss:Type="String">no</Data><NamedCell ss:Name="_FilterDatabase"/></Cell>
    <Cell><Data ss:Type="String">Any</Data><NamedCell ss:Name="_FilterDatabase"/></Cell>
    <Cell><Data ss:Type="String">1,5</Data><NamedCell ss:Name="_FilterDatabase"/></Cell>
    <Cell ss:Index="8"><Data ss:Type="Number">0</Data><NamedCell
      ss:Name="_FilterDatabase"/></Cell>
   </Row>
   <Row ss:Hidden="1">
    <Cell><Data ss:Type="String">CVP to SV</Data><NamedCell
      ss:Name="_FilterDatabase"/></Cell>
    <Cell><Data ss:Type="Number">1</Data><NamedCell ss:Name="_FilterDatabase"/></Cell>
    <Cell><Data ss:Type="String">Yes, with CVP decreased (that is to say, with preload down) there will be a decrease in SV.  Note that the reflex increase in IS that occurred keeps SV from falling proportionately as much as CVP fell.</Data><NamedCell
      ss:Name="_FilterDatabase"/></Cell>
    <Cell><Data ss:Type="String">yes</Data><NamedCell ss:Name="_FilterDatabase"/></Cell>
    <Cell><Data ss:Type="String">All</Data><NamedCell ss:Name="_FilterDatabase"/></Cell>
    <Cell><Data ss:Type="String">1,2</Data><NamedCell ss:Name="_FilterDatabase"/></Cell>
    <Cell ss:Index="8"><Data ss:Type="Number">1</Data><NamedCell
      ss:Name="_FilterDatabase"/></Cell>
    <Cell><Data ss:Type="Number">1</Data><NamedCell ss:Name="_FilterDatabase"/></Cell>
   </Row>
   <Row>
    <Cell><Data ss:Type="String">CVP to SV</Data><NamedCell
      ss:Name="_FilterDatabase"/></Cell>
    <Cell><Data ss:Type="Number">1</Data><NamedCell ss:Name="_FilterDatabase"/></Cell>
    <Cell><Data ss:Type="String">No.  CVP is the preload for the ventricles.  With CVP down the filling of the ventricles will bedown and hene SV must decrease.</Data><NamedCell
      ss:Name="_FilterDatabase"/></Cell>
    <Cell><Data ss:Type="String">no</Data><NamedCell ss:Name="_FilterDatabase"/></Cell>
    <Cell><Data ss:Type="String">Any</Data><NamedCell ss:Name="_FilterDatabase"/></Cell>
    <Cell><Data ss:Type="String">1,2</Data><NamedCell ss:Name="_FilterDatabase"/></Cell>
    <Cell ss:Index="9"><Data ss:Type="Number">2</Data><NamedCell
      ss:Name="_FilterDatabase"/></Cell>
   </Row>
   <Row>
    <Cell><Data ss:Type="String">CVP to SV</Data><NamedCell
      ss:Name="_FilterDatabase"/></Cell>
    <Cell><Data ss:Type="Number">1</Data><NamedCell ss:Name="_FilterDatabase"/></Cell>
    <Cell><Data ss:Type="String">No.  The most important determinant of SV is the preload (CVP) and with CVP decreased there must be a decrease in SV</Data><NamedCell
      ss:Name="_FilterDatabase"/></Cell>
    <Cell><Data ss:Type="String">no</Data><NamedCell ss:Name="_FilterDatabase"/></Cell>
    <Cell><Data ss:Type="String">Any</Data><NamedCell ss:Name="_FilterDatabase"/></Cell>
    <Cell><Data ss:Type="String">1,2</Data><NamedCell ss:Name="_FilterDatabase"/></Cell>
    <Cell ss:Index="9"><Data ss:Type="Number">0</Data><NamedCell
      ss:Name="_FilterDatabase"/></Cell>
   </Row>
   <Row ss:Hidden="1">
    <Cell><Data ss:Type="String">Determinants of MAP</Data><NamedCell
      ss:Name="_FilterDatabase"/></Cell>
    <Cell><Data ss:Type="Number">1</Data><NamedCell ss:Name="_FilterDatabase"/></Cell>
    <Cell><Data ss:Type="String">Right, the direction of change in MAP produced by the baroreceptor will counter the initial (DR) change in MAP.  Thus, in RR, MAP is increased. One can also reason that with CO increased and Ra increased that MAP must increase.</Data><NamedCell
      ss:Name="_FilterDatabase"/></Cell>
    <Cell><Data ss:Type="String">yes</Data><NamedCell ss:Name="_FilterDatabase"/></Cell>
    <Cell><Data ss:Type="String">All</Data><NamedCell ss:Name="_FilterDatabase"/></Cell>
    <Cell><Data ss:Type="String">4,5,6</Data><NamedCell ss:Name="_FilterDatabase"/></Cell>
    <Cell ss:Index="11"><Data ss:Type="Number">2</Data><NamedCell
      ss:Name="_FilterDatabase"/></Cell>
    <Cell><Data ss:Type="Number">2</Data><NamedCell ss:Name="_FilterDatabase"/></Cell>
    <Cell><Data ss:Type="Number">2</Data><NamedCell ss:Name="_FilterDatabase"/></Cell>
   </Row>
   <Row>
    <Cell><Data ss:Type="String">Determinants of MAP</Data><NamedCell
      ss:Name="_FilterDatabase"/></Cell>
    <Cell><Data ss:Type="Number">1</Data><NamedCell ss:Name="_FilterDatabase"/></Cell>
    <Cell><Data ss:Type="String">No, the direction of change in MAP produced by the baroreceptor will counter the initial (DR) change in MAP.  Thus, in RR, MAP is increased.</Data><NamedCell
      ss:Name="_FilterDatabase"/></Cell>
    <Cell><Data ss:Type="String">no</Data><NamedCell ss:Name="_FilterDatabase"/></Cell>
    <Cell><Data ss:Type="String">Any</Data><NamedCell ss:Name="_FilterDatabase"/></Cell>
    <Cell><Data ss:Type="String">4,5,6</Data><NamedCell ss:Name="_FilterDatabase"/></Cell>
    <Cell ss:Index="13"><Data ss:Type="Number">1</Data><NamedCell
      ss:Name="_FilterDatabase"/></Cell>
   </Row>
   <Row>
    <Cell><Data ss:Type="String">Determinants of MAP</Data><NamedCell
      ss:Name="_FilterDatabase"/></Cell>
    <Cell><Data ss:Type="Number">1</Data><NamedCell ss:Name="_FilterDatabase"/></Cell>
    <Cell><Data ss:Type="String">No, the direction of change in MAP produced by the baroreceptor will counter the initial (DR) change in MAP.  Thus, in RR, MAP is increased.</Data><NamedCell
      ss:Name="_FilterDatabase"/></Cell>
    <Cell><Data ss:Type="String">no</Data><NamedCell ss:Name="_FilterDatabase"/></Cell>
    <Cell><Data ss:Type="String">Any</Data><NamedCell ss:Name="_FilterDatabase"/></Cell>
    <Cell><Data ss:Type="String">4,5,6</Data><NamedCell ss:Name="_FilterDatabase"/></Cell>
    <Cell ss:Index="13"><Data ss:Type="Number">0</Data><NamedCell
      ss:Name="_FilterDatabase"/></Cell>
   </Row>
   <Row ss:Hidden="1">
    <Cell><Data ss:Type="String">MAP</Data><NamedCell ss:Name="_FilterDatabase"/></Cell>
    <Cell><Data ss:Type="Number">2</Data><NamedCell ss:Name="_FilterDatabase"/></Cell>
    <Cell><Data ss:Type="String">Right, the baroreceptor reflex does not fully compensate for the disturbance that was present.  Thus MAP is still less (decreased) from the control value.</Data><NamedCell
      ss:Name="_FilterDatabase"/></Cell>
    <Cell><Data ss:Type="String">yes</Data><NamedCell ss:Name="_FilterDatabase"/></Cell>
    <Cell><Data ss:Type="String">All</Data><NamedCell ss:Name="_FilterDatabase"/></Cell>
    <Cell><Data ss:Type="Number">6</Data><NamedCell ss:Name="_FilterDatabase"/></Cell>
    <Cell ss:Index="13"><Data ss:Type="Number">1</Data><NamedCell
      ss:Name="_FilterDatabase"/></Cell>
   </Row>
   <Row>
    <Cell ss:Index="2"><Data ss:Type="Number">2</Data><NamedCell
      ss:Name="_FilterDatabase"/></Cell>
    <Cell><Data ss:Type="String">No, your prediction that MAP is increased would mean that the value of MAP is now greater than it was before the disturbance.</Data><NamedCell
      ss:Name="_FilterDatabase"/></Cell>
    <Cell><Data ss:Type="String">no</Data><NamedCell ss:Name="_FilterDatabase"/></Cell>
    <Cell><Data ss:Type="String">Any</Data><NamedCell ss:Name="_FilterDatabase"/></Cell>
    <Cell><Data ss:Type="Number">6</Data><NamedCell ss:Name="_FilterDatabase"/></Cell>
    <Cell ss:Index="13"><Data ss:Type="Number">2</Data><NamedCell
      ss:Name="_FilterDatabase"/></Cell>
   </Row>
   <Row>
    <Cell ss:Index="2"><Data ss:Type="Number">2</Data><NamedCell
      ss:Name="_FilterDatabase"/></Cell>
    <Cell><Data ss:Type="String">No, your prediction that MAP is unchanged would mean that the baroreceptor reflex fully compensated for the disturbance and that MAP is now the same as it was in the control state.  However, the baroreceptor reflex can only partially compensate for the disturbance and thus MAP in the new steady state is still decreased.</Data><NamedCell
      ss:Name="_FilterDatabase"/></Cell>
    <Cell><Data ss:Type="String">no</Data><NamedCell ss:Name="_FilterDatabase"/></Cell>
    <Cell><Data ss:Type="String">Any</Data><NamedCell ss:Name="_FilterDatabase"/></Cell>
    <Cell><Data ss:Type="Number">6</Data><NamedCell ss:Name="_FilterDatabase"/></Cell>
    <Cell ss:Index="13"><Data ss:Type="Number">0</Data><NamedCell
      ss:Name="_FilterDatabase"/></Cell>
   </Row>
   <Row ss:Hidden="1">
    <Cell><Data ss:Type="String">Neural variables</Data><NamedCell
      ss:Name="_FilterDatabase"/></Cell>
    <Cell><Data ss:Type="Number">2</Data><NamedCell ss:Name="_FilterDatabase"/></Cell>
    <Cell><Data ss:Type="String">Correct, the neurally controlled variables, IS and HR, are increased by the baroreceptor reflex to help restore MAP.  Ra is still decreased from the controlled value since the reflex can not fully overcome the action of the drug that was administered.</Data><NamedCell
      ss:Name="_FilterDatabase"/></Cell>
    <Cell><Data ss:Type="String">yes</Data><NamedCell ss:Name="_FilterDatabase"/></Cell>
    <Cell><Data ss:Type="String">All</Data><NamedCell ss:Name="_FilterDatabase"/></Cell>
    <Cell><Data ss:Type="String">0,3,5</Data><NamedCell ss:Name="_FilterDatabase"/></Cell>
    <Cell><Data ss:Type="Number">2</Data><NamedCell ss:Name="_FilterDatabase"/></Cell>
    <Cell ss:Index="10"><Data ss:Type="Number">2</Data><NamedCell
      ss:Name="_FilterDatabase"/></Cell>
    <Cell ss:Index="12"><Data ss:Type="Number">1</Data><NamedCell
      ss:Name="_FilterDatabase"/></Cell>
   </Row>
   <Row>
    <Cell ss:Index="2"><Data ss:Type="Number">2</Data><NamedCell
      ss:Name="_FilterDatabase"/></Cell>
    <Cell><Data ss:Type="String">Not quite correct.  The neurally controlled variables, IS and HR, are increased by the baroreceptor reflex to help restore MAP.  However, Ra is still decreased from its controlled value since the reflex can not fully overcome the action of the drug that was administered.</Data><NamedCell
      ss:Name="_FilterDatabase"/></Cell>
    <Cell><Data ss:Type="String">no</Data><NamedCell ss:Name="_FilterDatabase"/></Cell>
    <Cell><Data ss:Type="String">Any</Data><NamedCell ss:Name="_FilterDatabase"/></Cell>
    <Cell><Data ss:Type="String">0,3,5</Data><NamedCell ss:Name="_FilterDatabase"/></Cell>
    <Cell ss:Index="12"><Data ss:Type="Number">2</Data><NamedCell
      ss:Name="_FilterDatabase"/></Cell>
   </Row>
   <Row>
    <Cell ss:Index="2"><Data ss:Type="Number">2</Data><NamedCell
      ss:Name="_FilterDatabase"/></Cell>
    <Cell><Data ss:Type="String">No.The neurally controlled variables, IS and HR, are increased by the baroreceptor reflex to help restore MAP.  However, Ra is still decreased from its controlled value since the reflex can not fully overcome the action of the drug that was administered.</Data><NamedCell
      ss:Name="_FilterDatabase"/></Cell>
    <Cell><Data ss:Type="String">no</Data><NamedCell ss:Name="_FilterDatabase"/></Cell>
    <Cell><Data ss:Type="String">Any</Data><NamedCell ss:Name="_FilterDatabase"/></Cell>
    <Cell><Data ss:Type="String">0,3,5</Data><NamedCell ss:Name="_FilterDatabase"/></Cell>
    <Cell><Data ss:Type="Number">5</Data><NamedCell ss:Name="_FilterDatabase"/></Cell>
    <Cell ss:Index="10"><Data ss:Type="Number">5</Data><NamedCell
      ss:Name="_FilterDatabase"/></Cell>
    <Cell ss:Index="12"><Data ss:Type="Number">0</Data><NamedCell
      ss:Name="_FilterDatabase"/></Cell>
   </Row>
   <Row ss:Hidden="1">
    <Cell><Data ss:Type="String">HR CO</Data><NamedCell ss:Name="_FilterDatabase"/></Cell>
    <Cell><Data ss:Type="Number">2</Data><NamedCell ss:Name="_FilterDatabase"/></Cell>
    <Cell><Data ss:Type="String">Correct, the increased HR (driven by the reflex) results in increased CO.</Data><NamedCell
      ss:Name="_FilterDatabase"/></Cell>
    <Cell><Data ss:Type="String">yes</Data><NamedCell ss:Name="_FilterDatabase"/></Cell>
    <Cell><Data ss:Type="String">All</Data><NamedCell ss:Name="_FilterDatabase"/></Cell>
    <Cell><Data ss:Type="String">3,4</Data><NamedCell ss:Name="_FilterDatabase"/></Cell>
    <Cell ss:Index="10"><Data ss:Type="Number">2</Data><NamedCell
      ss:Name="_FilterDatabase"/></Cell>
    <Cell><Data ss:Type="Number">2</Data><NamedCell ss:Name="_FilterDatabase"/></Cell>
   </Row>
   <Row>
    <Cell ss:Index="2"><Data ss:Type="Number">2</Data><NamedCell
      ss:Name="_FilterDatabase"/></Cell>
    <Cell><Data ss:Type="String">No, the increased HR (driven by the reflex) results in increased CO.</Data><NamedCell
      ss:Name="_FilterDatabase"/></Cell>
    <Cell><Data ss:Type="String">no</Data><NamedCell ss:Name="_FilterDatabase"/></Cell>
    <Cell><Data ss:Type="String">Any</Data><NamedCell ss:Name="_FilterDatabase"/></Cell>
    <Cell><Data ss:Type="String">3,4</Data><NamedCell ss:Name="_FilterDatabase"/></Cell>
    <Cell ss:Index="11"><Data ss:Type="Number">5</Data><NamedCell
      ss:Name="_FilterDatabase"/></Cell>
   </Row>
   <Row ss:Hidden="1">
    <Cell><Data ss:Type="String">CO CVP</Data><NamedCell ss:Name="_FilterDatabase"/></Cell>
    <Cell><Data ss:Type="Number">2</Data><NamedCell ss:Name="_FilterDatabase"/></Cell>
    <Cell><Data ss:Type="String">Right, with CO increased there is a corresponding decrease in CVP.</Data><NamedCell
      ss:Name="_FilterDatabase"/></Cell>
    <Cell><Data ss:Type="String">yes</Data><NamedCell ss:Name="_FilterDatabase"/></Cell>
    <Cell><Data ss:Type="String">All</Data><NamedCell ss:Name="_FilterDatabase"/></Cell>
    <Cell><Data ss:Type="String">1,4</Data><NamedCell ss:Name="_FilterDatabase"/></Cell>
    <Cell ss:Index="8"><Data ss:Type="Number">1</Data><NamedCell
      ss:Name="_FilterDatabase"/></Cell>
    <Cell ss:Index="11"><Data ss:Type="Number">2</Data><NamedCell
      ss:Name="_FilterDatabase"/></Cell>
   </Row>
   <Row>
    <Cell ss:Index="2"><Data ss:Type="Number">2</Data><NamedCell
      ss:Name="_FilterDatabase"/></Cell>
    <Cell><Data ss:Type="String">No, with CO increased there is a corresponding decrease in CVP.</Data><NamedCell
      ss:Name="_FilterDatabase"/></Cell>
    <Cell><Data ss:Type="String">no</Data><NamedCell ss:Name="_FilterDatabase"/></Cell>
    <Cell><Data ss:Type="String">Any</Data><NamedCell ss:Name="_FilterDatabase"/></Cell>
    <Cell><Data ss:Type="String">1,4</Data><NamedCell ss:Name="_FilterDatabase"/></Cell>
    <Cell ss:Index="8"><Data ss:Type="Number">4</Data><NamedCell
      ss:Name="_FilterDatabase"/></Cell>
   </Row>
   <Row ss:Hidden="1">
    <Cell><Data ss:Type="String">SV</Data><NamedCell ss:Name="_FilterDatabase"/></Cell>
    <Cell><Data ss:Type="Number">2</Data><NamedCell ss:Name="_FilterDatabase"/></Cell>
    <Cell><Data ss:Type="String">Right, SV is down because the effect of the decrease in CVP is greater than the effect of the increase in IS. Alternatively, we can argue that SV is down because the increase in DR due to the decrease in afterload is quantitatively very small while the decrease in SV in RR due to the decrease in CSP is much larger.  Thus, in this instance the SS response follows (is in the same direction) as the RR response.</Data><NamedCell
      ss:Name="_FilterDatabase"/></Cell>
    <Cell><Data ss:Type="String">yes</Data><NamedCell ss:Name="_FilterDatabase"/></Cell>
    <Cell><Data ss:Type="String">All</Data><NamedCell ss:Name="_FilterDatabase"/></Cell>
    <Cell><Data ss:Type="Number">2</Data><NamedCell ss:Name="_FilterDatabase"/></Cell>
    <Cell ss:Index="9"><Data ss:Type="Number">1</Data><NamedCell
      ss:Name="_FilterDatabase"/></Cell>
   </Row>
   <Row>
    <Cell ss:Index="2"><Data ss:Type="Number">2</Data><NamedCell
      ss:Name="_FilterDatabase"/></Cell>
    <Cell><Data ss:Type="String">No, SV is down because the effect of the decrease in CVP is greater than the effect of the increase in IS. Alternatively, we can argue that SV is down because the increase in DR due to the decrease in afterload is quantitatively very small while the decrease in SV in RR due to the decrease in CSP is much larger.  Thus, in this instance the SS response follows (is in the same direction) as the RR response.</Data><NamedCell
      ss:Name="_FilterDatabase"/></Cell>
    <Cell><Data ss:Type="String">no</Data><NamedCell ss:Name="_FilterDatabase"/></Cell>
    <Cell><Data ss:Type="String">Any</Data><NamedCell ss:Name="_FilterDatabase"/></Cell>
    <Cell><Data ss:Type="Number">2</Data><NamedCell ss:Name="_FilterDatabase"/></Cell>
    <Cell ss:Index="9"><Data ss:Type="Number">4</Data><NamedCell
      ss:Name="_FilterDatabase"/></Cell>
   </Row>
  </Table>
  <WorksheetOptions xmlns="urn:schemas-microsoft-com:office:excel">
   <Print>
    <ValidPrinterInfo/>
    <HorizontalResolution>-4</HorizontalResolution>
    <VerticalResolution>-4</VerticalResolution>
   </Print>
   <PageLayoutZoom>0</PageLayoutZoom>
   <Selected/>
   <FilterOn/>
   <Panes>
    <Pane>
     <Number>3</Number>
     <ActiveRow>22</ActiveRow>
     <ActiveCol>5</ActiveCol>
    </Pane>
   </Panes>
   <ProtectObjects>False</ProtectObjects>
   <ProtectScenarios>False</ProtectScenarios>
  </WorksheetOptions>
  <AutoFilter x:Range="R2C1:R44C13"
   xmlns="urn:schemas-microsoft-com:office:excel">
   <AutoFilterColumn x:Index="4" x:Type="Custom">
    <AutoFilterCondition x:Operator="Equals" x:Value="No"/>
   </AutoFilterColumn>
  </AutoFilter>
 </Worksheet>
</Workbook>
