<?xml version="1.0"?>
<Workbook xmlns="urn:schemas-microsoft-com:office:spreadsheet"
 xmlns:o="urn:schemas-microsoft-com:office:office"
 xmlns:x="urn:schemas-microsoft-com:office:excel"
 xmlns:ss="urn:schemas-microsoft-com:office:spreadsheet"
 xmlns:html="http://www.w3.org/TR/REC-html40">
 <DocumentProperties xmlns="urn:schemas-microsoft-com:office:office">
  <Author>Anthony Nuval</Author>
  <LastAuthor>Anthony Nuval</LastAuthor>
  <Created>2012-09-05T16:29:34Z</Created>
  <LastSaved>2012-09-05T16:29:34Z</LastSaved>
  <Version>14.0</Version>
 </DocumentProperties>
 <OfficeDocumentSettings xmlns="urn:schemas-microsoft-com:office:office">
  <AllowPNG/>
 </OfficeDocumentSettings>
 <ExcelWorkbook xmlns="urn:schemas-microsoft-com:office:excel">
  <WindowHeight>11800</WindowHeight>
  <WindowWidth>25520</WindowWidth>
  <WindowTopX>0</WindowTopX>
  <WindowTopY>0</WindowTopY>
  <Date1904/>
  <ProtectStructure>False</ProtectStructure>
  <ProtectWindows>False</ProtectWindows>
 </ExcelWorkbook>
 <Styles>
  <Style ss:ID="Default" ss:Name="Normal">
   <Alignment ss:Vertical="Bottom"/>
   <Borders/>
   <Font ss:FontName="Calibri" x:Family="Swiss" ss:Size="12" ss:Color="#000000"/>
   <Interior/>
   <NumberFormat/>
   <Protection/>
  </Style>
  <Style ss:ID="s16">
   <Alignment ss:Vertical="Bottom" ss:WrapText="1"/>
  </Style>
 </Styles>
 <Worksheet ss:Name="procedure.csv">
  <Table ss:ExpandedColumnCount="7" ss:ExpandedRowCount="2" x:FullColumns="1"
   x:FullRows="1" ss:StyleID="s16" ss:DefaultColumnWidth="65"
   ss:DefaultRowHeight="15">
   <Column ss:StyleID="s16" ss:Width="276"/>
   <Column ss:StyleID="s16" ss:AutoFitWidth="0" ss:Width="274"/>
   <Column ss:Index="6" ss:StyleID="s16" ss:Width="359"/>
   <Row ss:Height="45">
    <Cell><Data ss:Type="String">Title</Data></Cell>
    <Cell><Data ss:Type="String">Introduction</Data></Cell>
    <Cell><Data ss:Type="String">Initial Variable</Data></Cell>
    <Cell><Data ss:Type="String">Initial Variable Direction</Data></Cell>
    <Cell><Data ss:Type="String">Initial Variable Summary</Data></Cell>
    <Cell><Data ss:Type="String">Procedure Summary</Data></Cell>
    <Cell><Data ss:Type="String">Key</Data></Cell>
   </Row>
   <Row ss:Height="405">
    <Cell><Data ss:Type="String">Reduce Arterial Resistance (Ra) to 50% of Normal</Data></Cell>
    <Cell><Data ss:Type="String">In this experiment we will decrease arterial resistance, Ra, by 50%. This might be accomplished pharmacologically with a drug that causes arteriolar dilatation.</Data></Cell>
    <Cell><Data ss:Type="Number">5</Data></Cell>
    <Cell><Data ss:Type="Number">1</Data></Cell>
    <Cell><Data ss:Type="String">placeholder</Data></Cell>
    <Cell><Data ss:Type="String">The smooth muscle in the walls of systemic arterioles contain alpha adrenergic receptors that are physiologically stimulated by sympathetic activity.  An adrenergic blocking agent will therefore reduce this input to the arterioles, resulting in vasodilatation and decreased resistance.  Hence, Ra is decreased.&#13;&#13;The fall is Ra must lead to a fall in MAP (which = CO x TPR).   This fall in MAP reduces the stimulation of the carotid and aortic baroreceptors and hence reduced firing delivered to the CV centers in the medulla.  The consequence is increased sympathetic firing and reduced parasympathetic firing to the heart and blood vessels.  There is therefore an increase in IS and HR.  Ra also increases as long as the dose of the alpha blocker was such that not all alpha receptors were occupied.&#13;&#13;Increased HR causes CO to increase.  The increase in CO brings about a decrease in CVP as more blood is translocated from the veins to the arteries.  With preload reduced there will be a reduction in SV.  The increased IS that occurs partially counteracts the effect of the reduced preload and the magnitude of the fall in SV is reduced.  With CO increased and Ra increased there is an increase in MAP; the RR response has countered the DR fall in MAP.&#13;&#13;In the final steady-state (SS) MAP is still reduced as the baroreceptor reflex cannot fully compensate for the initial fall in pressure.  That is to say, the decrease in Ra is greater than the reflex induced increase in CO.&#13;</Data></Cell>
    <Cell><Data ss:Type="String">0,1,2,0,2,1,1,2,1,1,2,2,2,2,2,1,1,2,2,1,1</Data></Cell>
   </Row>
  </Table>
  <WorksheetOptions xmlns="urn:schemas-microsoft-com:office:excel">
   <PageLayoutZoom>0</PageLayoutZoom>
   <Selected/>
   <Panes>
    <Pane>
     <Number>3</Number>
     <ActiveRow>1</ActiveRow>
     <ActiveCol>1</ActiveCol>
    </Pane>
   </Panes>
   <ProtectObjects>False</ProtectObjects>
   <ProtectScenarios>False</ProtectScenarios>
  </WorksheetOptions>
 </Worksheet>
</Workbook>
