<?xml version="1.0"?>
<Workbook xmlns="urn:schemas-microsoft-com:office:spreadsheet"
 xmlns:o="urn:schemas-microsoft-com:office:office"
 xmlns:x="urn:schemas-microsoft-com:office:excel"
 xmlns:ss="urn:schemas-microsoft-com:office:spreadsheet"
 xmlns:html="http://www.w3.org/TR/REC-html40">
 <DocumentProperties xmlns="urn:schemas-microsoft-com:office:office">
  <Author>Joel Michael</Author>
  <LastAuthor>Anthony Nuval</LastAuthor>
  <Created>2012-07-20T12:36:03Z</Created>
  <LastSaved>2012-09-05T17:45:36Z</LastSaved>
  <Company>Rush Medical College</Company>
  <Version>14.0</Version>
 </DocumentProperties>
 <OfficeDocumentSettings xmlns="urn:schemas-microsoft-com:office:office">
  <AllowPNG/>
 </OfficeDocumentSettings>
 <ExcelWorkbook xmlns="urn:schemas-microsoft-com:office:excel">
  <WindowHeight>11860</WindowHeight>
  <WindowWidth>25520</WindowWidth>
  <WindowTopX>0</WindowTopX>
  <WindowTopY>0</WindowTopY>
  <ProtectStructure>False</ProtectStructure>
  <ProtectWindows>False</ProtectWindows>
 </ExcelWorkbook>
 <Styles>
  <Style ss:ID="Default" ss:Name="Normal">
   <Alignment ss:Vertical="Bottom"/>
   <Borders/>
   <Font ss:FontName="Calibri" x:Family="Swiss" ss:Size="12" ss:Color="#000000"/>
   <Interior/>
   <NumberFormat/>
   <Protection/>
  </Style>
  <Style ss:ID="s80">
   <Borders/>
  </Style>
  <Style ss:ID="s81">
   <Alignment ss:Horizontal="Center" ss:Vertical="Bottom"/>
   <Borders/>
  </Style>
  <Style ss:ID="s82">
   <Alignment ss:Vertical="Bottom" ss:WrapText="1"/>
   <Borders/>
  </Style>
 </Styles>
 <Worksheet ss:Name="answer_keys.csv">
  <Names>
   <NamedRange ss:Name="_FilterDatabase" ss:RefersTo="=answer_keys.csv!R1C1:R34C13"
    ss:Hidden="1"/>
   <NamedRange ss:Name="Print_Area" ss:RefersTo="=answer_keys.csv!R1C1:R4C13"/>
  </Names>
  <Table ss:ExpandedColumnCount="13" ss:ExpandedRowCount="34" x:FullColumns="1"
   x:FullRows="1" ss:StyleID="s80" ss:DefaultColumnWidth="65"
   ss:DefaultRowHeight="15">
   <Column ss:StyleID="s80" ss:AutoFitWidth="0" ss:Width="54"/>
   <Column ss:StyleID="s81" ss:AutoFitWidth="0" ss:Width="36"/>
   <Column ss:StyleID="s82" ss:AutoFitWidth="0" ss:Width="215"/>
   <Column ss:StyleID="s81" ss:AutoFitWidth="0" ss:Width="31" ss:Span="1"/>
   <Column ss:Index="6" ss:StyleID="s81" ss:AutoFitWidth="0" ss:Width="30"/>
   <Column ss:StyleID="s81" ss:AutoFitWidth="0" ss:Width="29" ss:Span="6"/>
   <Row>
    <Cell><Data ss:Type="String">Category</Data><NamedCell ss:Name="Print_Area"/><NamedCell
      ss:Name="_FilterDatabase"/></Cell>
    <Cell><Data ss:Type="String">Column</Data><NamedCell ss:Name="Print_Area"/><NamedCell
      ss:Name="_FilterDatabase"/></Cell>
    <Cell><Data ss:Type="String">Comment</Data><NamedCell ss:Name="Print_Area"/><NamedCell
      ss:Name="_FilterDatabase"/></Cell>
    <Cell><Data ss:Type="String">Correct</Data><NamedCell ss:Name="Print_Area"/><NamedCell
      ss:Name="_FilterDatabase"/></Cell>
    <Cell><Data ss:Type="String">Match</Data><NamedCell ss:Name="Print_Area"/><NamedCell
      ss:Name="_FilterDatabase"/></Cell>
    <Cell><Data ss:Type="String">Highlights</Data><NamedCell ss:Name="Print_Area"/><NamedCell
      ss:Name="_FilterDatabase"/></Cell>
    <Cell><Data ss:Type="String">IS</Data><NamedCell ss:Name="Print_Area"/><NamedCell
      ss:Name="_FilterDatabase"/></Cell>
    <Cell><Data ss:Type="String">CVP</Data><NamedCell ss:Name="Print_Area"/><NamedCell
      ss:Name="_FilterDatabase"/></Cell>
    <Cell><Data ss:Type="String">SV</Data><NamedCell ss:Name="Print_Area"/><NamedCell
      ss:Name="_FilterDatabase"/></Cell>
    <Cell><Data ss:Type="String">HR</Data><NamedCell ss:Name="Print_Area"/><NamedCell
      ss:Name="_FilterDatabase"/></Cell>
    <Cell><Data ss:Type="String">CO</Data><NamedCell ss:Name="Print_Area"/><NamedCell
      ss:Name="_FilterDatabase"/></Cell>
    <Cell><Data ss:Type="String">Ra</Data><NamedCell ss:Name="Print_Area"/><NamedCell
      ss:Name="_FilterDatabase"/></Cell>
    <Cell><Data ss:Type="String">MAP</Data><NamedCell ss:Name="Print_Area"/><NamedCell
      ss:Name="_FilterDatabase"/></Cell>
   </Row>
   <Row ss:Height="30">
    <Cell><Data ss:Type="String">CVP to SV</Data><NamedCell ss:Name="Print_Area"/><NamedCell
      ss:Name="_FilterDatabase"/></Cell>
    <Cell><Data ss:Type="Number">0</Data><NamedCell ss:Name="Print_Area"/><NamedCell
      ss:Name="_FilterDatabase"/></Cell>
    <Cell><Data ss:Type="String">Right, with CVP decreased, SV will be decreased (preload is down).</Data><NamedCell
      ss:Name="Print_Area"/><NamedCell ss:Name="_FilterDatabase"/></Cell>
    <Cell><Data ss:Type="String">Yes</Data><NamedCell ss:Name="Print_Area"/><NamedCell
      ss:Name="_FilterDatabase"/></Cell>
    <Cell><Data ss:Type="String">All</Data><NamedCell ss:Name="Print_Area"/><NamedCell
      ss:Name="_FilterDatabase"/></Cell>
    <Cell><Data ss:Type="String">1,2</Data><NamedCell ss:Name="Print_Area"/><NamedCell
      ss:Name="_FilterDatabase"/></Cell>
    <Cell ss:Index="8"><Data ss:Type="Number">1</Data><NamedCell
      ss:Name="Print_Area"/><NamedCell ss:Name="_FilterDatabase"/></Cell>
    <Cell><Data ss:Type="Number">1</Data><NamedCell ss:Name="Print_Area"/><NamedCell
      ss:Name="_FilterDatabase"/></Cell>
   </Row>
   <Row ss:Height="30">
    <Cell><Data ss:Type="String">CVP to SV</Data><NamedCell ss:Name="Print_Area"/><NamedCell
      ss:Name="_FilterDatabase"/></Cell>
    <Cell><Data ss:Type="Number">0</Data><NamedCell ss:Name="Print_Area"/><NamedCell
      ss:Name="_FilterDatabase"/></Cell>
    <Cell><Data ss:Type="String">No, when CVP is decreased (preload is decreased) then SV must decrease.</Data><NamedCell
      ss:Name="Print_Area"/><NamedCell ss:Name="_FilterDatabase"/></Cell>
    <Cell><Data ss:Type="String">no</Data><NamedCell ss:Name="Print_Area"/><NamedCell
      ss:Name="_FilterDatabase"/></Cell>
    <Cell><Data ss:Type="String">Any</Data><NamedCell ss:Name="Print_Area"/><NamedCell
      ss:Name="_FilterDatabase"/></Cell>
    <Cell><Data ss:Type="String">1,2</Data><NamedCell ss:Name="Print_Area"/><NamedCell
      ss:Name="_FilterDatabase"/></Cell>
    <Cell ss:Index="9"><Data ss:Type="Number">2</Data><NamedCell
      ss:Name="Print_Area"/><NamedCell ss:Name="_FilterDatabase"/></Cell>
   </Row>
   <Row ss:Height="60">
    <Cell><Data ss:Type="String">CVP to SV</Data><NamedCell ss:Name="Print_Area"/><NamedCell
      ss:Name="_FilterDatabase"/></Cell>
    <Cell><Data ss:Type="Number">0</Data><NamedCell ss:Name="Print_Area"/><NamedCell
      ss:Name="_FilterDatabase"/></Cell>
    <Cell><Data ss:Type="String">No, when CVP is decreased (preload is decreased) then SV must decrease.  Preload is the most potent determinant of SV.</Data><NamedCell
      ss:Name="Print_Area"/><NamedCell ss:Name="_FilterDatabase"/></Cell>
    <Cell><Data ss:Type="String">no</Data><NamedCell ss:Name="Print_Area"/><NamedCell
      ss:Name="_FilterDatabase"/></Cell>
    <Cell><Data ss:Type="String">Any</Data><NamedCell ss:Name="Print_Area"/><NamedCell
      ss:Name="_FilterDatabase"/></Cell>
    <Cell><Data ss:Type="String">1,2</Data><NamedCell ss:Name="Print_Area"/><NamedCell
      ss:Name="_FilterDatabase"/></Cell>
    <Cell ss:Index="9"><Data ss:Type="Number">0</Data><NamedCell
      ss:Name="Print_Area"/><NamedCell ss:Name="_FilterDatabase"/></Cell>
   </Row>
   <Row ss:Height="45">
    <Cell><Data ss:Type="String">SV to CO</Data><NamedCell
      ss:Name="_FilterDatabase"/></Cell>
    <Cell><Data ss:Type="Number">0</Data><NamedCell ss:Name="_FilterDatabase"/></Cell>
    <Cell><Data ss:Type="String">Good, with SV down (and HR unchanged) CO must be decreased since we know that:                                         CO =SV x HR.</Data><NamedCell
      ss:Name="_FilterDatabase"/></Cell>
    <Cell><Data ss:Type="String">Yes</Data><NamedCell ss:Name="_FilterDatabase"/></Cell>
    <Cell><Data ss:Type="String">All</Data><NamedCell ss:Name="_FilterDatabase"/></Cell>
    <Cell><Data ss:Type="String">2,4</Data><NamedCell ss:Name="_FilterDatabase"/></Cell>
    <Cell ss:Index="9"><Data ss:Type="Number">1</Data><NamedCell
      ss:Name="_FilterDatabase"/></Cell>
    <Cell ss:Index="11"><Data ss:Type="Number">1</Data><NamedCell
      ss:Name="_FilterDatabase"/></Cell>
   </Row>
   <Row ss:Height="45">
    <Cell><Data ss:Type="String">SV to CO</Data><NamedCell
      ss:Name="_FilterDatabase"/></Cell>
    <Cell><Data ss:Type="Number">0</Data><NamedCell ss:Name="_FilterDatabase"/></Cell>
    <Cell><Data ss:Type="String">No, with SV down (and HR unchanged) CO must be decreased since we know that:                                         CO =SV x HR.</Data><NamedCell
      ss:Name="_FilterDatabase"/></Cell>
    <Cell><Data ss:Type="String">no</Data><NamedCell ss:Name="_FilterDatabase"/></Cell>
    <Cell><Data ss:Type="String">Any</Data><NamedCell ss:Name="_FilterDatabase"/></Cell>
    <Cell><Data ss:Type="String">2,4</Data><NamedCell ss:Name="_FilterDatabase"/></Cell>
    <Cell ss:Index="11"><Data ss:Type="Number">4</Data><NamedCell
      ss:Name="_FilterDatabase"/></Cell>
   </Row>
   <Row ss:Height="60">
    <Cell><Data ss:Type="String">CO to MAP</Data><NamedCell
      ss:Name="_FilterDatabase"/></Cell>
    <Cell><Data ss:Type="Number">0</Data><NamedCell ss:Name="_FilterDatabase"/></Cell>
    <Cell><Data ss:Type="String">Right, with CO decreased and Ra unchanged there must be a decrease in MAP since we know that                                        MAP = CO x TPR.</Data><NamedCell
      ss:Name="_FilterDatabase"/></Cell>
    <Cell><Data ss:Type="String">yes</Data><NamedCell ss:Name="_FilterDatabase"/></Cell>
    <Cell><Data ss:Type="String">All</Data><NamedCell ss:Name="_FilterDatabase"/></Cell>
    <Cell><Data ss:Type="String">4,6</Data><NamedCell ss:Name="_FilterDatabase"/></Cell>
    <Cell ss:Index="11"><Data ss:Type="Number">1</Data><NamedCell
      ss:Name="_FilterDatabase"/></Cell>
    <Cell ss:Index="13"><Data ss:Type="Number">1</Data><NamedCell
      ss:Name="_FilterDatabase"/></Cell>
   </Row>
   <Row ss:Height="60">
    <Cell><Data ss:Type="String">CO to MAP</Data><NamedCell
      ss:Name="_FilterDatabase"/></Cell>
    <Cell><Data ss:Type="Number">0</Data><NamedCell ss:Name="_FilterDatabase"/></Cell>
    <Cell><Data ss:Type="String">No, with CO decreased and Ra unchanged there must be a decrease in MAP since we know that                                        MAP = CO x TPR.</Data><NamedCell
      ss:Name="_FilterDatabase"/></Cell>
    <Cell><Data ss:Type="String">no</Data><NamedCell ss:Name="_FilterDatabase"/></Cell>
    <Cell><Data ss:Type="String">Any</Data><NamedCell ss:Name="_FilterDatabase"/></Cell>
    <Cell><Data ss:Type="String">4,6</Data><NamedCell ss:Name="_FilterDatabase"/></Cell>
    <Cell ss:Index="13"><Data ss:Type="Number">4</Data><NamedCell
      ss:Name="_FilterDatabase"/></Cell>
   </Row>
   <Row ss:Height="45">
    <Cell><Data ss:Type="String">Neural variables</Data><NamedCell
      ss:Name="_FilterDatabase"/></Cell>
    <Cell><Data ss:Type="Number">0</Data><NamedCell ss:Name="_FilterDatabase"/></Cell>
    <Cell><Data ss:Type="String">Good.  IS, HR, and Ra are all determined by their neural inputs.  In the DR phase these inputs are unchanged.</Data><NamedCell
      ss:Name="_FilterDatabase"/></Cell>
    <Cell><Data ss:Type="String">yes</Data><NamedCell ss:Name="_FilterDatabase"/></Cell>
    <Cell><Data ss:Type="String">All</Data><NamedCell ss:Name="_FilterDatabase"/></Cell>
    <Cell><Data ss:Type="String">0,3,5</Data><NamedCell ss:Name="_FilterDatabase"/></Cell>
    <Cell><Data ss:Type="Number">0</Data><NamedCell ss:Name="_FilterDatabase"/></Cell>
    <Cell ss:Index="10"><Data ss:Type="Number">0</Data><NamedCell
      ss:Name="_FilterDatabase"/></Cell>
    <Cell ss:Index="12"><Data ss:Type="Number">0</Data><NamedCell
      ss:Name="_FilterDatabase"/></Cell>
   </Row>
   <Row ss:Height="60">
    <Cell><Data ss:Type="String">Neural variables</Data><NamedCell
      ss:Name="_FilterDatabase"/></Cell>
    <Cell><Data ss:Type="Number">0</Data><NamedCell ss:Name="_FilterDatabase"/></Cell>
    <Cell><Data ss:Type="String">No, IS, HR, and Ra are ALL variables that are determined by their neural inputs.  Since in the DR phase these inputs are unchanged all three must be 0.</Data><NamedCell
      ss:Name="_FilterDatabase"/></Cell>
    <Cell><Data ss:Type="String">no</Data><NamedCell ss:Name="_FilterDatabase"/></Cell>
    <Cell><Data ss:Type="String">Any</Data><NamedCell ss:Name="_FilterDatabase"/></Cell>
    <Cell><Data ss:Type="String">0,3,5</Data><NamedCell ss:Name="_FilterDatabase"/></Cell>
    <Cell><Data ss:Type="Number">3</Data><NamedCell ss:Name="_FilterDatabase"/></Cell>
    <Cell ss:Index="10"><Data ss:Type="Number">3</Data><NamedCell
      ss:Name="_FilterDatabase"/></Cell>
    <Cell ss:Index="12"><Data ss:Type="Number">3</Data><NamedCell
      ss:Name="_FilterDatabase"/></Cell>
   </Row>
   <Row ss:Height="75">
    <Cell><Data ss:Type="String">Neural variables</Data><NamedCell
      ss:Name="_FilterDatabase"/></Cell>
    <Cell><Data ss:Type="Number">1</Data><NamedCell ss:Name="_FilterDatabase"/></Cell>
    <Cell><Data ss:Type="String">Correct.  Since the response of the system to the disturbance (the increase in Rv) was a fall in MAP, the response of the baroreceptor reflex will be to increase all the neural variables to restore MAP.</Data><NamedCell
      ss:Name="_FilterDatabase"/></Cell>
    <Cell><Data ss:Type="String">yes</Data><NamedCell ss:Name="_FilterDatabase"/></Cell>
    <Cell><Data ss:Type="String">All</Data><NamedCell ss:Name="_FilterDatabase"/></Cell>
    <Cell><Data ss:Type="String">0,3,5</Data><NamedCell ss:Name="_FilterDatabase"/></Cell>
    <Cell><Data ss:Type="Number">2</Data><NamedCell ss:Name="_FilterDatabase"/></Cell>
    <Cell ss:Index="10"><Data ss:Type="Number">2</Data><NamedCell
      ss:Name="_FilterDatabase"/></Cell>
    <Cell ss:Index="12"><Data ss:Type="Number">2</Data><NamedCell
      ss:Name="_FilterDatabase"/></Cell>
   </Row>
   <Row>
    <Cell><Data ss:Type="String">Neural variables</Data><NamedCell
      ss:Name="_FilterDatabase"/></Cell>
    <Cell><Data ss:Type="Number">1</Data><NamedCell ss:Name="_FilterDatabase"/></Cell>
    <Cell><Data ss:Type="String">No Comment.</Data><NamedCell
      ss:Name="_FilterDatabase"/></Cell>
    <Cell><Data ss:Type="String">no</Data><NamedCell ss:Name="_FilterDatabase"/></Cell>
    <Cell><Data ss:Type="String">Any</Data><NamedCell ss:Name="_FilterDatabase"/></Cell>
    <Cell><Data ss:Type="String">0,3,5</Data><NamedCell ss:Name="_FilterDatabase"/></Cell>
    <Cell><Data ss:Type="Number">5</Data><NamedCell ss:Name="_FilterDatabase"/></Cell>
    <Cell ss:Index="10"><Data ss:Type="Number">5</Data><NamedCell
      ss:Name="_FilterDatabase"/></Cell>
    <Cell ss:Index="12"><Data ss:Type="Number">5</Data><NamedCell
      ss:Name="_FilterDatabase"/></Cell>
   </Row>
   <Row ss:Height="30">
    <Cell><Data ss:Type="String">HR to CO</Data><NamedCell
      ss:Name="_FilterDatabase"/></Cell>
    <Cell><Data ss:Type="Number">1</Data><NamedCell ss:Name="_FilterDatabase"/></Cell>
    <Cell><Data ss:Type="String">Right, the reflex increase in HR results in an increase in CO.</Data><NamedCell
      ss:Name="_FilterDatabase"/></Cell>
    <Cell><Data ss:Type="String">yes</Data><NamedCell ss:Name="_FilterDatabase"/></Cell>
    <Cell><Data ss:Type="String">All</Data><NamedCell ss:Name="_FilterDatabase"/></Cell>
    <Cell><Data ss:Type="String">3,4</Data><NamedCell ss:Name="_FilterDatabase"/></Cell>
    <Cell ss:Index="10"><Data ss:Type="Number">2</Data><NamedCell
      ss:Name="_FilterDatabase"/></Cell>
    <Cell><Data ss:Type="Number">2</Data><NamedCell ss:Name="_FilterDatabase"/></Cell>
   </Row>
   <Row ss:Height="30">
    <Cell><Data ss:Type="String">HR to CO</Data><NamedCell
      ss:Name="_FilterDatabase"/></Cell>
    <Cell><Data ss:Type="Number">1</Data><NamedCell ss:Name="_FilterDatabase"/></Cell>
    <Cell><Data ss:Type="String">No,  the reflex increase in HR results in an increase in CO.</Data><NamedCell
      ss:Name="_FilterDatabase"/></Cell>
    <Cell><Data ss:Type="String">no</Data><NamedCell ss:Name="_FilterDatabase"/></Cell>
    <Cell><Data ss:Type="String">Any</Data><NamedCell ss:Name="_FilterDatabase"/></Cell>
    <Cell><Data ss:Type="String">3,4</Data><NamedCell ss:Name="_FilterDatabase"/></Cell>
    <Cell ss:Index="11"><Data ss:Type="Number">5</Data><NamedCell
      ss:Name="_FilterDatabase"/></Cell>
   </Row>
   <Row ss:Height="75">
    <Cell><Data ss:Type="String">CO to CVP</Data><NamedCell
      ss:Name="_FilterDatabase"/></Cell>
    <Cell><Data ss:Type="Number">1</Data><NamedCell ss:Name="_FilterDatabase"/></Cell>
    <Cell><Data ss:Type="String">Right, with CO reflexly increased there will be a decrease oin CVP as there will be a translocation of blood from the central venous compartment to the arterial compartment.</Data><NamedCell
      ss:Name="_FilterDatabase"/></Cell>
    <Cell><Data ss:Type="String">yes</Data><NamedCell ss:Name="_FilterDatabase"/></Cell>
    <Cell><Data ss:Type="String">All</Data><NamedCell ss:Name="_FilterDatabase"/></Cell>
    <Cell><Data ss:Type="String">1,4</Data><NamedCell ss:Name="_FilterDatabase"/></Cell>
    <Cell ss:Index="8"><Data ss:Type="Number">1</Data><NamedCell
      ss:Name="_FilterDatabase"/></Cell>
    <Cell ss:Index="11"><Data ss:Type="Number">2</Data><NamedCell
      ss:Name="_FilterDatabase"/></Cell>
   </Row>
   <Row ss:Height="45">
    <Cell><Data ss:Type="String">CO to CVP</Data><NamedCell
      ss:Name="_FilterDatabase"/></Cell>
    <Cell><Data ss:Type="Number">1</Data><NamedCell ss:Name="_FilterDatabase"/></Cell>
    <Cell><Data ss:Type="String">No, when CO increases it causes CVP to decrease.  (Keep in mind that when CVP increases first, it causes CO to increase.)</Data><NamedCell
      ss:Name="_FilterDatabase"/></Cell>
    <Cell><Data ss:Type="String">no</Data><NamedCell ss:Name="_FilterDatabase"/></Cell>
    <Cell><Data ss:Type="String">Any</Data><NamedCell ss:Name="_FilterDatabase"/></Cell>
    <Cell><Data ss:Type="String">1,4</Data><NamedCell ss:Name="_FilterDatabase"/></Cell>
    <Cell ss:Index="8"><Data ss:Type="Number">2</Data><NamedCell
      ss:Name="_FilterDatabase"/></Cell>
   </Row>
   <Row ss:Height="75">
    <Cell><Data ss:Type="String">CO to CVP</Data><NamedCell
      ss:Name="_FilterDatabase"/></Cell>
    <Cell><Data ss:Type="Number">1</Data><NamedCell ss:Name="_FilterDatabase"/></Cell>
    <Cell><Data ss:Type="String">No.  CO and CVP are related to one another.  When CO increases, as is the case here, it causes CVP to decrease.  When CVP increases first, this change causes CO to increase.</Data><NamedCell
      ss:Name="_FilterDatabase"/></Cell>
    <Cell><Data ss:Type="String">no</Data><NamedCell ss:Name="_FilterDatabase"/></Cell>
    <Cell><Data ss:Type="String">Any</Data><NamedCell ss:Name="_FilterDatabase"/></Cell>
    <Cell><Data ss:Type="String">1,4</Data><NamedCell ss:Name="_FilterDatabase"/></Cell>
    <Cell ss:Index="8"><Data ss:Type="Number">0</Data><NamedCell
      ss:Name="_FilterDatabase"/></Cell>
   </Row>
   <Row ss:Height="60">
    <Cell><Data ss:Type="String">CVP to SV</Data><NamedCell
      ss:Name="_FilterDatabase"/></Cell>
    <Cell><Data ss:Type="Number">1</Data><NamedCell ss:Name="_FilterDatabase"/></Cell>
    <Cell><Data ss:Type="String">Right, with CVP decreased SV will decrease.  CVP, the afterload for the ventricles, is the most potent determinant of SV.</Data><NamedCell
      ss:Name="_FilterDatabase"/></Cell>
    <Cell><Data ss:Type="String">yes</Data><NamedCell ss:Name="_FilterDatabase"/></Cell>
    <Cell><Data ss:Type="String">All</Data><NamedCell ss:Name="_FilterDatabase"/></Cell>
    <Cell><Data ss:Type="String">1,2</Data><NamedCell ss:Name="_FilterDatabase"/></Cell>
    <Cell ss:Index="8"><Data ss:Type="Number">1</Data><NamedCell
      ss:Name="_FilterDatabase"/></Cell>
    <Cell><Data ss:Type="Number">1</Data><NamedCell ss:Name="_FilterDatabase"/></Cell>
   </Row>
   <Row ss:Height="45">
    <Cell><Data ss:Type="String">CVP to SV</Data><NamedCell
      ss:Name="_FilterDatabase"/></Cell>
    <Cell><Data ss:Type="Number">1</Data><NamedCell ss:Name="_FilterDatabase"/></Cell>
    <Cell><Data ss:Type="String">No, CVP is the most potent determinant of SV.  With CVP decreased there must be a decrease in SV.</Data><NamedCell
      ss:Name="_FilterDatabase"/></Cell>
    <Cell><Data ss:Type="String">no</Data><NamedCell ss:Name="_FilterDatabase"/></Cell>
    <Cell><Data ss:Type="String">Any</Data><NamedCell ss:Name="_FilterDatabase"/></Cell>
    <Cell><Data ss:Type="String">1,2</Data><NamedCell ss:Name="_FilterDatabase"/></Cell>
    <Cell ss:Index="9"><Data ss:Type="Number">2</Data><NamedCell
      ss:Name="_FilterDatabase"/></Cell>
   </Row>
   <Row ss:Height="45">
    <Cell><Data ss:Type="String">CVP to SV</Data><NamedCell
      ss:Name="_FilterDatabase"/></Cell>
    <Cell><Data ss:Type="Number">1</Data><NamedCell ss:Name="_FilterDatabase"/></Cell>
    <Cell><Data ss:Type="String">No, changes in CVP must be reflected by changes in SV.  With CVP decreased there must be a decrease in SV.</Data><NamedCell
      ss:Name="_FilterDatabase"/></Cell>
    <Cell><Data ss:Type="String">no</Data><NamedCell ss:Name="_FilterDatabase"/></Cell>
    <Cell><Data ss:Type="String">Any</Data><NamedCell ss:Name="_FilterDatabase"/></Cell>
    <Cell><Data ss:Type="String">1,2</Data><NamedCell ss:Name="_FilterDatabase"/></Cell>
    <Cell ss:Index="9"><Data ss:Type="Number">0</Data><NamedCell
      ss:Name="_FilterDatabase"/></Cell>
   </Row>
   <Row ss:Height="90">
    <Cell><Data ss:Type="String">MAP</Data><NamedCell ss:Name="_FilterDatabase"/></Cell>
    <Cell><Data ss:Type="Number">1</Data><NamedCell ss:Name="_FilterDatabase"/></Cell>
    <Cell><Data ss:Type="String">Right, with CO and Ra both increased there must be an increase in MAP since:                          MAP = CO x Ra.  In addition, we know that the fall in MAP as a consequence of the disturbance will trigger a baroreceptor reflex and that will reflexly raise MAP.</Data><NamedCell
      ss:Name="_FilterDatabase"/></Cell>
    <Cell><Data ss:Type="String">yes</Data><NamedCell ss:Name="_FilterDatabase"/></Cell>
    <Cell><Data ss:Type="String">All</Data><NamedCell ss:Name="_FilterDatabase"/></Cell>
    <Cell><Data ss:Type="String">4,5,6</Data><NamedCell ss:Name="_FilterDatabase"/></Cell>
    <Cell ss:Index="11"><Data ss:Type="Number">2</Data><NamedCell
      ss:Name="_FilterDatabase"/></Cell>
    <Cell><Data ss:Type="Number">2</Data><NamedCell ss:Name="_FilterDatabase"/></Cell>
    <Cell><Data ss:Type="Number">2</Data><NamedCell ss:Name="_FilterDatabase"/></Cell>
   </Row>
   <Row ss:Height="60">
    <Cell><Data ss:Type="String">MAP</Data><NamedCell ss:Name="_FilterDatabase"/></Cell>
    <Cell><Data ss:Type="Number">1</Data><NamedCell ss:Name="_FilterDatabase"/></Cell>
    <Cell><Data ss:Type="String">No, both CO and Ra are up and this must cause an increase in MAP (relative to its value as a result of the DR response).  This is the goal of the baroreceptor reflex.</Data><NamedCell
      ss:Name="_FilterDatabase"/></Cell>
    <Cell><Data ss:Type="String">no</Data><NamedCell ss:Name="_FilterDatabase"/></Cell>
    <Cell><Data ss:Type="String">Any</Data><NamedCell ss:Name="_FilterDatabase"/></Cell>
    <Cell><Data ss:Type="String">4,5,6</Data><NamedCell ss:Name="_FilterDatabase"/></Cell>
    <Cell ss:Index="13"><Data ss:Type="Number">1</Data><NamedCell
      ss:Name="_FilterDatabase"/></Cell>
   </Row>
   <Row ss:Height="75">
    <Cell><Data ss:Type="String">MAP</Data><NamedCell ss:Name="_FilterDatabase"/></Cell>
    <Cell><Data ss:Type="Number">1</Data><NamedCell ss:Name="_FilterDatabase"/></Cell>
    <Cell><Data ss:Type="String">No, MAP must increase because both CO and Ra increased.  Furthermore, you know that the response to a fall in MAP (as occurred in DR) will stimulated a baroreceptor reflex to increase MAP.</Data><NamedCell
      ss:Name="_FilterDatabase"/></Cell>
    <Cell><Data ss:Type="String">no</Data><NamedCell ss:Name="_FilterDatabase"/></Cell>
    <Cell><Data ss:Type="String">Any</Data><NamedCell ss:Name="_FilterDatabase"/></Cell>
    <Cell><Data ss:Type="String">4,5,6</Data><NamedCell ss:Name="_FilterDatabase"/></Cell>
    <Cell ss:Index="13"><Data ss:Type="Number">0</Data><NamedCell
      ss:Name="_FilterDatabase"/></Cell>
   </Row>
   <Row ss:Height="60">
    <Cell><Data ss:Type="String">MAP</Data><NamedCell ss:Name="_FilterDatabase"/></Cell>
    <Cell><Data ss:Type="Number">2</Data><NamedCell ss:Name="_FilterDatabase"/></Cell>
    <Cell><Data ss:Type="String">Right, the baroreceptor reflex has partially compensated for the fall in MAP that occurred.  But, MAP has gone back to its pre-disturbance valye.</Data><NamedCell
      ss:Name="_FilterDatabase"/></Cell>
    <Cell><Data ss:Type="String">yes</Data><NamedCell ss:Name="_FilterDatabase"/></Cell>
    <Cell><Data ss:Type="String">All</Data><NamedCell ss:Name="_FilterDatabase"/></Cell>
    <Cell><Data ss:Type="Number">6</Data><NamedCell ss:Name="_FilterDatabase"/></Cell>
    <Cell ss:Index="13"><Data ss:Type="Number">1</Data><NamedCell
      ss:Name="_FilterDatabase"/></Cell>
   </Row>
   <Row ss:Height="105">
    <Cell><Data ss:Type="String">MAP</Data><NamedCell ss:Name="_FilterDatabase"/></Cell>
    <Cell><Data ss:Type="Number">2</Data><NamedCell ss:Name="_FilterDatabase"/></Cell>
    <Cell><Data ss:Type="String">No!  Your prediction that MAP is increased would mean that its value is HIGHER than it was before the disturbance.  The baroreceptor reflex only partially conpensates for the disturbance and hence MAP is still decreased (although not as much).</Data><NamedCell
      ss:Name="_FilterDatabase"/></Cell>
    <Cell><Data ss:Type="String">no</Data><NamedCell ss:Name="_FilterDatabase"/></Cell>
    <Cell><Data ss:Type="String">Any</Data><NamedCell ss:Name="_FilterDatabase"/></Cell>
    <Cell><Data ss:Type="Number">6</Data><NamedCell ss:Name="_FilterDatabase"/></Cell>
    <Cell ss:Index="13"><Data ss:Type="Number">2</Data><NamedCell
      ss:Name="_FilterDatabase"/></Cell>
   </Row>
   <Row ss:Height="135">
    <Cell><Data ss:Type="String">MAP</Data><NamedCell ss:Name="_FilterDatabase"/></Cell>
    <Cell><Data ss:Type="Number">2</Data><NamedCell ss:Name="_FilterDatabase"/></Cell>
    <Cell><Data ss:Type="String">No, your prediction that MAP is unchanged would mean that the baroreceptor reflex fully compensated for the disturbance and that MAP is now the same as it was in the control state.  However, the baroreceptor reflex can only partially compensate for the disturbance and thus MAP in the new steady state is still decreased.</Data><NamedCell
      ss:Name="_FilterDatabase"/></Cell>
    <Cell><Data ss:Type="String">no</Data><NamedCell ss:Name="_FilterDatabase"/></Cell>
    <Cell><Data ss:Type="String">Any</Data><NamedCell ss:Name="_FilterDatabase"/></Cell>
    <Cell><Data ss:Type="Number">6</Data><NamedCell ss:Name="_FilterDatabase"/></Cell>
    <Cell ss:Index="13"><Data ss:Type="Number">0</Data><NamedCell
      ss:Name="_FilterDatabase"/></Cell>
   </Row>
   <Row ss:Height="45">
    <Cell><Data ss:Type="String">Neural variables</Data><NamedCell
      ss:Name="_FilterDatabase"/></Cell>
    <Cell><Data ss:Type="Number">2</Data><NamedCell ss:Name="_FilterDatabase"/></Cell>
    <Cell><Data ss:Type="String">Correct, the neurally controlled variables, IS, HR, and Ra are increased by the baroreceptor reflex to help restore MAP.  </Data><NamedCell
      ss:Name="_FilterDatabase"/></Cell>
    <Cell><Data ss:Type="String">yes</Data><NamedCell ss:Name="_FilterDatabase"/></Cell>
    <Cell><Data ss:Type="String">All</Data><NamedCell ss:Name="_FilterDatabase"/></Cell>
    <Cell><Data ss:Type="String">0,3,5</Data><NamedCell ss:Name="_FilterDatabase"/></Cell>
    <Cell><Data ss:Type="Number">2</Data><NamedCell ss:Name="_FilterDatabase"/></Cell>
    <Cell ss:Index="10"><Data ss:Type="Number">2</Data><NamedCell
      ss:Name="_FilterDatabase"/></Cell>
    <Cell ss:Index="12"><Data ss:Type="Number">2</Data><NamedCell
      ss:Name="_FilterDatabase"/></Cell>
   </Row>
   <Row ss:Height="60">
    <Cell><Data ss:Type="String">Neural variables</Data><NamedCell
      ss:Name="_FilterDatabase"/></Cell>
    <Cell><Data ss:Type="Number">2</Data><NamedCell ss:Name="_FilterDatabase"/></Cell>
    <Cell><Data ss:Type="String">No, all three of the neurally controlled variables, IS, HR, and Ra are increased by the baroreceptor reflex to help restore MAP towards its pre-disturbance value.</Data><NamedCell
      ss:Name="_FilterDatabase"/></Cell>
    <Cell><Data ss:Type="String">no</Data><NamedCell ss:Name="_FilterDatabase"/></Cell>
    <Cell><Data ss:Type="String">Any</Data><NamedCell ss:Name="_FilterDatabase"/></Cell>
    <Cell><Data ss:Type="String">0,3,5</Data><NamedCell ss:Name="_FilterDatabase"/></Cell>
    <Cell><Data ss:Type="Number">5</Data><NamedCell ss:Name="_FilterDatabase"/></Cell>
    <Cell ss:Index="10"><Data ss:Type="Number">5</Data><NamedCell
      ss:Name="_FilterDatabase"/></Cell>
    <Cell ss:Index="12"><Data ss:Type="Number">5</Data><NamedCell
      ss:Name="_FilterDatabase"/></Cell>
   </Row>
   <Row ss:Height="45">
    <Cell><Data ss:Type="String">HR CO</Data><NamedCell ss:Name="_FilterDatabase"/></Cell>
    <Cell><Data ss:Type="Number">2</Data><NamedCell ss:Name="_FilterDatabase"/></Cell>
    <Cell><Data ss:Type="String">Right, the increased HR (driven by the baroreceptor reflex) results in an increase in CO.</Data><NamedCell
      ss:Name="_FilterDatabase"/></Cell>
    <Cell><Data ss:Type="String">yes</Data><NamedCell ss:Name="_FilterDatabase"/></Cell>
    <Cell><Data ss:Type="String">All</Data><NamedCell ss:Name="_FilterDatabase"/></Cell>
    <Cell><Data ss:Type="String">3,4</Data><NamedCell ss:Name="_FilterDatabase"/></Cell>
    <Cell ss:Index="10"><Data ss:Type="Number">2</Data><NamedCell
      ss:Name="_FilterDatabase"/></Cell>
    <Cell><Data ss:Type="Number">2</Data><NamedCell ss:Name="_FilterDatabase"/></Cell>
   </Row>
   <Row ss:Height="45">
    <Cell><Data ss:Type="String">HR CO</Data><NamedCell ss:Name="_FilterDatabase"/></Cell>
    <Cell><Data ss:Type="Number">2</Data><NamedCell ss:Name="_FilterDatabase"/></Cell>
    <Cell><Data ss:Type="String">No, the increase in HR produced by the baroreceptor reflex causes an increase in CO.</Data><NamedCell
      ss:Name="_FilterDatabase"/></Cell>
    <Cell><Data ss:Type="String">no</Data><NamedCell ss:Name="_FilterDatabase"/></Cell>
    <Cell><Data ss:Type="String">Any</Data><NamedCell ss:Name="_FilterDatabase"/></Cell>
    <Cell><Data ss:Type="String">3,4</Data><NamedCell ss:Name="_FilterDatabase"/></Cell>
    <Cell ss:Index="11"><Data ss:Type="Number">5</Data><NamedCell
      ss:Name="_FilterDatabase"/></Cell>
   </Row>
   <Row ss:Height="30">
    <Cell><Data ss:Type="String">CO CVP</Data><NamedCell ss:Name="_FilterDatabase"/></Cell>
    <Cell><Data ss:Type="Number">2</Data><NamedCell ss:Name="_FilterDatabase"/></Cell>
    <Cell><Data ss:Type="String">Right, with CO increased there is a corresponding decrease in CVP.</Data><NamedCell
      ss:Name="_FilterDatabase"/></Cell>
    <Cell><Data ss:Type="String">yes</Data><NamedCell ss:Name="_FilterDatabase"/></Cell>
    <Cell><Data ss:Type="String">All</Data><NamedCell ss:Name="_FilterDatabase"/></Cell>
    <Cell><Data ss:Type="String">1,4</Data><NamedCell ss:Name="_FilterDatabase"/></Cell>
    <Cell ss:Index="8"><Data ss:Type="Number">1</Data><NamedCell
      ss:Name="_FilterDatabase"/></Cell>
    <Cell ss:Index="11"><Data ss:Type="Number">2</Data><NamedCell
      ss:Name="_FilterDatabase"/></Cell>
   </Row>
   <Row ss:Height="30">
    <Cell><Data ss:Type="String">CO CVP</Data><NamedCell ss:Name="_FilterDatabase"/></Cell>
    <Cell><Data ss:Type="Number">2</Data><NamedCell ss:Name="_FilterDatabase"/></Cell>
    <Cell><Data ss:Type="String">No, with CO increased there is a corresponding decrease in CVP.</Data><NamedCell
      ss:Name="_FilterDatabase"/></Cell>
    <Cell><Data ss:Type="String">no</Data><NamedCell ss:Name="_FilterDatabase"/></Cell>
    <Cell><Data ss:Type="String">Any</Data><NamedCell ss:Name="_FilterDatabase"/></Cell>
    <Cell><Data ss:Type="String">1,4</Data><NamedCell ss:Name="_FilterDatabase"/></Cell>
    <Cell ss:Index="8"><Data ss:Type="Number">4</Data><NamedCell
      ss:Name="_FilterDatabase"/></Cell>
   </Row>
   <Row ss:Height="75">
    <Cell><Data ss:Type="String">CVP SV</Data><NamedCell ss:Name="_FilterDatabase"/></Cell>
    <Cell><Data ss:Type="Number">2</Data><NamedCell ss:Name="_FilterDatabase"/></Cell>
    <Cell><Data ss:Type="String">Correct.  With CVP down (ie, pre-load is reduced) SV will decrease.  Note, however, that the reflex increase in IS buffers the fall in SV, keeping it from getting so large that CO cannot increase.</Data><NamedCell
      ss:Name="_FilterDatabase"/></Cell>
    <Cell><Data ss:Type="String">yes</Data><NamedCell ss:Name="_FilterDatabase"/></Cell>
    <Cell><Data ss:Type="String">All</Data><NamedCell ss:Name="_FilterDatabase"/></Cell>
    <Cell><Data ss:Type="String">1,2</Data><NamedCell ss:Name="_FilterDatabase"/></Cell>
    <Cell ss:Index="8"><Data ss:Type="Number">1</Data><NamedCell
      ss:Name="_FilterDatabase"/></Cell>
    <Cell><Data ss:Type="Number">1</Data><NamedCell ss:Name="_FilterDatabase"/></Cell>
   </Row>
   <Row ss:Height="75">
    <Cell><Data ss:Type="String">CVP SV</Data><NamedCell ss:Name="_FilterDatabase"/></Cell>
    <Cell><Data ss:Type="Number">2</Data><NamedCell ss:Name="_FilterDatabase"/></Cell>
    <Cell><Data ss:Type="String">No.  With CVP down (ie, pre-load is reduced) SV will decrease.  Note, however, that the reflex increase in IS buffers the fall in SV, keeping it from getting so large that CO cannot increase.</Data><NamedCell
      ss:Name="_FilterDatabase"/></Cell>
    <Cell><Data ss:Type="String">no</Data><NamedCell ss:Name="_FilterDatabase"/></Cell>
    <Cell><Data ss:Type="String">Any</Data><NamedCell ss:Name="_FilterDatabase"/></Cell>
    <Cell><Data ss:Type="String">1,2</Data><NamedCell ss:Name="_FilterDatabase"/></Cell>
    <Cell ss:Index="9"><Data ss:Type="Number">4</Data><NamedCell
      ss:Name="_FilterDatabase"/></Cell>
   </Row>
  </Table>
  <WorksheetOptions xmlns="urn:schemas-microsoft-com:office:excel">
   <PageSetup>
    <Layout x:Orientation="Landscape"/>
   </PageSetup>
   <Print>
    <ValidPrinterInfo/>
    <HorizontalResolution>-4</HorizontalResolution>
    <VerticalResolution>-4</VerticalResolution>
   </Print>
   <PageLayoutZoom>0</PageLayoutZoom>
   <Selected/>
   <FreezePanes/>
   <FrozenNoSplit/>
   <SplitHorizontal>1</SplitHorizontal>
   <TopRowBottomPane>1</TopRowBottomPane>
   <ActivePane>2</ActivePane>
   <Panes>
    <Pane>
     <Number>3</Number>
    </Pane>
    <Pane>
     <Number>2</Number>
     <ActiveRow>4</ActiveRow>
     <ActiveCol>2</ActiveCol>
    </Pane>
   </Panes>
   <ProtectObjects>False</ProtectObjects>
   <ProtectScenarios>False</ProtectScenarios>
  </WorksheetOptions>
 </Worksheet>
</Workbook>
