<?xml version="1.0"?>
<Workbook xmlns="urn:schemas-microsoft-com:office:spreadsheet"
 xmlns:o="urn:schemas-microsoft-com:office:office"
 xmlns:x="urn:schemas-microsoft-com:office:excel"
 xmlns:ss="urn:schemas-microsoft-com:office:spreadsheet"
 xmlns:html="http://www.w3.org/TR/REC-html40">
 <DocumentProperties xmlns="urn:schemas-microsoft-com:office:office">
  <Author>Anthony Nuval</Author>
  <LastAuthor>Anthony Nuval</LastAuthor>
  <Created>2012-09-05T16:45:53Z</Created>
  <LastSaved>2012-09-05T16:45:53Z</LastSaved>
  <Version>14.0</Version>
 </DocumentProperties>
 <OfficeDocumentSettings xmlns="urn:schemas-microsoft-com:office:office">
  <AllowPNG/>
 </OfficeDocumentSettings>
 <ExcelWorkbook xmlns="urn:schemas-microsoft-com:office:excel">
  <WindowHeight>11800</WindowHeight>
  <WindowWidth>25520</WindowWidth>
  <WindowTopX>0</WindowTopX>
  <WindowTopY>0</WindowTopY>
  <Date1904/>
  <ProtectStructure>False</ProtectStructure>
  <ProtectWindows>False</ProtectWindows>
 </ExcelWorkbook>
 <Styles>
  <Style ss:ID="Default" ss:Name="Normal">
   <Alignment ss:Vertical="Bottom"/>
   <Borders/>
   <Font ss:FontName="Calibri" x:Family="Swiss" ss:Size="12" ss:Color="#000000"/>
   <Interior/>
   <NumberFormat/>
   <Protection/>
  </Style>
  <Style ss:ID="s62">
   <Alignment ss:Vertical="Bottom" ss:WrapText="1"/>
  </Style>
 </Styles>
 <Worksheet ss:Name="procedure dec CC.csv">
  <Table ss:ExpandedColumnCount="7" ss:ExpandedRowCount="2" x:FullColumns="1"
   x:FullRows="1" ss:DefaultColumnWidth="65" ss:DefaultRowHeight="15">
   <Column ss:Index="5" ss:AutoFitWidth="0" ss:Width="272"/>
   <Column ss:AutoFitWidth="0" ss:Width="420"/>
   <Row>
    <Cell><Data ss:Type="String">Title</Data></Cell>
    <Cell><Data ss:Type="String">Introduction</Data></Cell>
    <Cell><Data ss:Type="String">Initial Variable</Data></Cell>
    <Cell><Data ss:Type="String">Initial Variable Direction</Data></Cell>
    <Cell><Data ss:Type="String">Initial Variable Summary</Data></Cell>
    <Cell><Data ss:Type="String">Procedure Summary</Data></Cell>
    <Cell><Data ss:Type="String">Key</Data></Cell>
   </Row>
   <Row ss:Height="285">
    <Cell><Data ss:Type="String">Decrease cardiac inotropic state (IS) to 50% of normal.</Data></Cell>
    <Cell><Data ss:Type="String">In this procedure the inotropic state (IS) is decreased to 50% of normal.  This night occur as the result of a myocardial infarct that destroys an appreciable part of the wall of the left ventricle.</Data></Cell>
    <Cell><Data ss:Type="Number">0</Data></Cell>
    <Cell><Data ss:Type="Number">1</Data></Cell>
    <Cell ss:StyleID="s62"><Data ss:Type="String">An infarct is an ischemic event.  When it occurs in the ventricle it results in the death of myocardial cells.  If the affected ventricle fills to the normal extend (if preload stays the same) the damaged ventricle will generate a reduced output.  Thus, we can say that the inotropic state  of the heart has been decreased.  Thus, IS is the primary variable and its dorection is down.</Data></Cell>
    <Cell ss:StyleID="s62"><Data ss:Type="String">A myocardial infarct (MI) damages or destroys cardiac muscle cells.  Thus when the ventricle contracts it can only generate a reduced output (however you measure it) with the same preload or filling.  This is equivalent to the heart having a reduced inotropic state (IS).&#13;&#13;With IS reduced SV volume (one measure of ventricular output) is reduced.  Since HR has not changed (in the DR phase) the cardiac output (CO) must be down.  Since Ra is unchanged in DR and CO is down, there must be a fall in MAP.&#13;&#13;This generates the stereotypical reflex response (RR).  Increased sympathetic firing causes HR and Ra to increase.  IS also increases in the remaining myocardial cells.  CO is increased by the increased HR.  CVP decreases because of the increased CO.  SV falls as preload falls.  With CO and Ra increased, the baroreceptor reflex results in an increase in MAP.&#13;&#13;When a new steady state (SS) is achieved, HR and Ra are increased, CO is reduced (the reflex driven increase isn’t as large as the initial fall in CO), and CVP is increased.  MAP is still decreased, although not as much as initially (partial compensation has occurred).</Data></Cell>
    <Cell><Data ss:Type="String">1,2,1,0,1,0,1,2,1,1,2,2,2,2,1,2,1,2,1,2,1</Data></Cell>
   </Row>
  </Table>
  <WorksheetOptions xmlns="urn:schemas-microsoft-com:office:excel">
   <PageLayoutZoom>0</PageLayoutZoom>
   <Selected/>
   <Panes>
    <Pane>
     <Number>3</Number>
     <ActiveRow>1</ActiveRow>
     <ActiveCol>5</ActiveCol>
    </Pane>
   </Panes>
   <ProtectObjects>False</ProtectObjects>
   <ProtectScenarios>False</ProtectScenarios>
  </WorksheetOptions>
 </Worksheet>
</Workbook>
